Aada,9151
Aadaliina,15
Aadalmiina,12
Aadan,17
Aadolfiina,18
Aagot,11
Aaisha,7
Aala,19
Aale,13
Aali,10
Aalia,34
Aaliya,14
Aaliyah,25
Aallotar,442
Aalo,13
Aalto,8
Aamina,20
Aamu,1026
Aamurusko,5
Aamutähti,11
Aana,71
Aara,5
Aaria,49
Aarika,19
Aarikka,5
Aarla,13
Aarna,10
Aarni,7
Aaron,8
Aasa,29
Aasiya,8
Aata,9
Aava,3194
Aavi,5
Aaya,6
Aba,11
Abas,5
Abbas,38
Abby,11
Abd,22
Abdalla,13
Abdallah,14
Abdel,9
Abdelrazzaq,5
Abdi,407
Abdiasis,20
Abdiaziz,17
Abdifatah,38
Abdihakim,11
Abdihakin,6
Abdihamid,6
Abdikadir,22
Abdikani,6
Abdikarim,27
Abdikarin,24
Abdilaahi,6
Abdiladif,5
Abdilahi,6
Abdillahi,23
Abdinasir,16
Abdinur,7
Abdiqadar,5
Abdiqani,7
Abdirahim,15
Abdirahman,148
Abdirashid,61
Abdirazak,10
Abdirisaaq,5
Abdirisak,22
Abdirisaq,22
Abdirizak,43
Abdisalam,18
Abdisalan,8
Abdishakur,13
Abdiwahab,11
Abdiwahid,6
Abdiwali,12
Abdiweli,12
Abdukadir,5
Abdul,30
Abdulahi,14
Abdulaziz,9
Abdulgadir,8
Abdulkadir,129
Abdulkareem,8
Abdulkarim,12
Abdulla,9
Abdullaahi,6
Abdullah,41
Abdullahi,286
Abdulle,26
Abdulqadir,14
Abdulrahman,16
Abdurahman,6
Abed,22
Abena,18
Abid,9
Abigail,158
Abiola,6
Abir,9
Abraar,9
Abrar,11
Abril,6
Abshir,23
Abshiro,6
Abubakar,10
Abuk,5
Abukar,48
Abuukar,5
Achieng,15
Achol,5
Ada,4099
Adaeze,10
Adafiia,8
Adafiina,6
Adalfiina,5
Adalia,134
Adaliina,57
Adalina,21
Adalmia,9
Adalmiina,1889
Adalmina,306
Adam,29
Adama,15
Adamiina,6
Adan,45
Adanna,76
Adanne,5
Adaora,9
Adar,10
Adara,6
Adea,34
Adebola,5
Adeela,9
Adeele,8
Adel,28
Adela,159
Adelaida,5
Adelaide,62
Adele,3784
Adelea,37
Adelee,6
Adelei,20
Adelein,28
Adeleine,34
Adelene,5
Adelheid,20
Adeli,6
Adelia,558
Adelie,39
Adeliina,1070
Adelin,23
Adelina,668
Adeline,129
Adelisa,5
Adella,88
Adelle,45
Adelma,17
Adelmiina,14
Adelmina,9
Adelyn,12
Adelé,35
Aden,52
Adeola,12
Adessa,494
Adesuwa,8
Adetta,7
Adette,23
Adhiambo,9
Adi,12
Adia,9
Adiel,8
Adiina,9
Adil,23
Adila,9
Adile,29
Adina,309
Adine,32
Aditi,9
Adjoa,15
Adla,5
Adna,51
Adnan,22
Adolfiina,224
Adolfina,75
Adonica,6
Adonika,23
Adora,18
Adriana,243
Adriane,6
Adrianna,21
Adrianne,9
Adrienn,5
Adrienne,31
Adut,5
Adwoa,13
Adèle,63
Adéle,354
Adélia,5
Aelita,7
Aferdita,11
Afi,7
Afia,10
Afifa,7
Afiifa,5
Afnaan,18
Afnan,13
Afra,6
Afrah,6
Africa,9
Afrin,5
Afrodite,11
Afroditi,5
Afsana,7
Afsaneh,9
Afua,8
Agafia,34
Agape,11
Agata,85
Agatha,84
Agathe,6
Agda,116
Agne,11
Agneeta,16
Agneetta,17
Agnes,816
Agnesa,25
Agnese,6
Agnessa,8
Agneta,1319
Agnete,38
Agnetha,38
Agnetta,10
Agnia,24
Agnieszka,40
Agnès,7
Agustina,8
Ahlaam,14
Ahlam,21
Ahmad,36
Ahmed,610
Ahmednur,8
Ai,32
Aia,14
Aicha,93
Aida,1116
Aidi,10
Aidiid,5
Aija,2226
Aiju,33
Aikku,6
Aiko,23
Aila,12189
Ailakki,45
Aile,30
Aileen,27
Aili,6395
Ailiina,46
Ailikki,44
Ailin,25
Aiman,6
Aime,19
Aimee,29
Aimi,67
Aimé,5
Aimée,20
Aina,807
Ainamo,85
Ainara,6
Ainaz,5
Ainhoa,8
Aini,2660
Ainikki,365
Aino,36143
Ainoa,6
Ainokaisa,26
Ainoleena,5
Ainoliina,20
Ainoliisa,22
Ainomaija,52
Ainomari,19
Ainomaria,48
Ainomarja,6
Ainotar,8
Ainu,116
Ainur,5
Ainut,8
Aira,4356
Aire,45
Airi,6835
Airiina,35
Airikki,22
Airin,10
Airina,8
Airis,7
Airut,7
Aisa,6
Aisha,389
Aishah,8
Aishe,6
Aisho,5
Aishwarya,6
Aisla,63
Aisling,8
Aissa,15
Aissatou,6
Aito,5
Aiva,7
Aive,5
Aivi,60
Aiya,5
Aiyana,5
Aja,7
Ajana,7
Ajatar,7
Ajda,5
Ajla,23
Ajna,5
Ajsa,9
Akhtar,5
Akiko,7
Akiliina,12
Akinyi,7
Akira,13
Akosua,13
Akram,15
Aksa,29
Aksana,12
Akseliina,13
Akselina,6
Aksenia,7
Aksia,5
Aksiina,34
Aksinja,8
Akter,11
Aku,6
Akua,17
Akuliina,104
Akulina,7
Akustiina,8
Akveliina,19
Akviliina,24
Akvilina,6
Ala,12
Alaa,23
Alaia,5
Alaina,5
Alam,5
Alana,41
Alanna,20
Alannah,6
Alara,10
Alawi,5
Alba,63
Albana,17
Alberta,23
Albertiina,148
Albertina,101
Albina,68
Albulena,17
Alda,38
Alde,7
Aldi,12
Aldina,8
Alea,22
Alecia,17
Aleena,17
Aleftina,13
Alegria,5
Aleida,12
Aleina,9
Alejandra,52
Aleksa,45
Aleksanda,11
Aleksandra,13552
Aleksandria,25
Aleksandrina,5
Aleksandrovna,72
Aleksanni,6
Aleksanteri,5
Aleksantra,73
Alekseevna,17
Aleksejevna,12
Aleksi,9
Aleksia,103
Aleksiina,442
Aleksina,66
Alem,5
Alena,138
Alesia,24
Alessa,97
Alessandra,226
Alessia,292
Aleta,7
Aletta,149
Alette,17
Alevtina,34
Alex,48
Alexa,206
Alexander,26
Alexandra,12859
Alexandria,84
Alexandrina,6
Alexandrine,18
Alexandrovna,18
Alexanna,5
Alexia,320
Alexiina,39
Alexina,81
Alexis,46
Alexsandra,409
Alexzandra,6
Aleyna,28
Alfa,39
Alfhild,112
Alfhilda,26
Alfia,9
Alfiina,27
Alfilda,5
Alfina,10
Alfrida,40
Alfriida,8
Alfsol,6
Alheidi,5
Ali,479
Alia,65
Aliah,7
Aliana,8
Alic,7
Alica,57
Alice,5164
Alicia,745
Alicja,23
Alida,143
Alide,11
Alie,5
Aliia,6
Aliida,33
Aliide,12
Aliina,2175
Aliisa,5754
Aliise,60
Aliisi,73
Aliisia,11
Aliissa,5
Aliki,5
Alila,9
Alima,7
Alin,7
Alina,10075
Alinda,135
Aline,123
Alis,8
Alisa,7761
Alise,500
Alisha,42
Alisi,12
Alisia,107
Alissa,905
Alissia,13
Alita,12
Alivia,6
Alix,22
Aliya,19
Aliyah,24
Aliza,17
Alizia,6
Alizée,6
Aliénor,5
Alja,13
Aljona,18
Alla,206
Allas,5
Allegra,25
Alli,3027
Allida,15
Allie,9
Alliina,11
Allikki,7
Allis,13
Ally,5
Alma,3885
Almaas,6
Almas,15
Almaz,10
Almedina,5
Almi,7
Almida,12
Almiina,28
Almiira,8
Almina,13
Almira,21
Alona,28
Alondra,5
Alpertiina,5
Alphonsine,5
Alsu,6
Althea,21
Altina,6
Aluel,6
Alva,1037
Alvi,16
Alvia,5
Alviida,9
Alviina,270
Alviira,13
Alvina,132
Alwa,16
Alwan,11
Aly,5
Alya,9
Alycia,5
Alyna,7
Alysa,10
Alyssa,136
Ama,42
Amaal,26
Amaalia,7
Amada,7
Amadea,32
Amaia,19
Amal,121
Amalia,4578
Amalie,65
Amaliina,13
Aman,7
Amanda,21720
Amandeep,5
Amandine,20
Amandla,6
Amani,35
Amanita,8
Amanta,10
Amar,5
Amara,23
Amarachi,16
Amaryllis,7
Amaya,34
Amber,44
Ambra,8
Ambrosia,15
Amel,21
Amela,17
Ameli,12
Amelia,1710
Amelie,1170
Amelii,6
Ameliia,5
Ameliina,28
Ameliitta,5
Amelina,9
Amelié,24
Amen,5
Amena,6
Ameneh,8
Amer,8
Ami,52
Amica,10
Amidala,8
Amie,30
Amiina,10
Amiira,47
Amila,15
Amilda,28
Amilia,65
Amilla,6
Amin,23
Amina,461
Aminah,11
Aminat,5
Aminata,27
Aminda,16
Amine,22
Amino,15
Amir,11
Amira,319
Amirah,10
Amit,6
Amita,6
Amjad,6
Amma,8
Ammar,6
Ammi,15
Amna,26
Amor,5
Amorina,11
Amparo,8
Amporn,5
Amra,25
Amran,22
Amrita,26
Amy,215
Amélia,14
Amélie,157
An,50
Ana,200
Anab,33
Anabel,28
Anabella,15
Anabelle,5
Anactasia,9
Anahit,6
Anahita,25
Anais,29
Anamaria,6
Ananda,17
Anas,8
Anastaasia,26
Anastacia,245
Anastasia,2141
Anastasiia,36
Anastasija,62
Anastasiya,22
Anastassia,72
Anastazia,6
Anat,6
Anatolevna,5
Anatolievna,9
Anatoljevna,29
Anaïs,40
Anca,5
Ancela,65
Anceli,6
Ancelica,10
Anceliga,138
Anceliina,7
Ancelika,53
Ancelina,13
Anda,6
Andeliina,13
Andelina,8
Andra,13
Andrea,706
Andreas,5
Andreea,20
Andreevna,7
Andreia,5
Andreina,6
Andrejevna,7
Andri,5
Andria,8
Andriana,9
Andrietta,8
Andriette,8
Andrina,6
Andromeda,8
Andréa,71
Andrée,7
Anduena,5
Ane,9
Aneela,5
Aneka,7
Anela,12
Anele,9
Aneli,5
Anella,5
Anelma,2725
Anemone,10
Aneri,6
Anerva,16
Anervi,8
Anervo,12
Anesa,16
Anessa,12
Anet,13
Aneta,14
Anett,51
Anetta,74
Anette,3723
Anetti,9
Anfac,6
Anfiisa,9
Anfisa,18
Ange,5
Angel,89
Angela,520
Angele,6
Angeles,11
Angeli,26
Angelia,11
Angelic,5
Angelica,788
Angelie,7
Angeliga,6
Angeliina,63
Angelika,426
Angeliki,11
Angelina,592
Angeline,24
Angeliqa,5
Angelique,85
Angelita,14
Angervo,73
Angie,14
Angéle,5
Angélica,6
Angélique,9
Anh,169
Ani,212
Ania,47
Aniara,14
Anica,11
Anida,13
Aniela,51
Anielka,10
Aniella,10
Anifa,5
Aniina,28
Aniisa,5
Aniita,133
Aniitta,330
Anika,107
Anikka,9
Aniko,8
Anikó,9
Anila,16
Anilia,6
Anilla,37
Anima,11
Anina,90
Anine,13
Aninka,30
Anis,8
Anisa,129
Anisha,6
Anisia,13
Anisja,5
Aniso,9
Anissa,48
Anita,22336
Anitha,6
Anitra,232
Anitta,4878
Anja,24135
Anjali,9
Anjariitta,6
Anjatta,13
Anjela,6
Anjelica,10
Anjelika,19
Anju,24
Anjukka,5
Anjuli,12
Anjuska,44
Anjuta,6
Anke,6
Anki,72
Anleena,6
Anmari,73
Ann,1146
Anna,46458
Annabel,204
Annabell,33
Annabella,340
Annabelle,49
Annabeth,6
Annada,9
Annaelina,7
Annakaarina,7
Annakaija,5
Annakaisa,260
Annakatri,9
Annalea,15
Annaleea,6
Annaleena,196
Annalena,15
Annaliina,64
Annaliisa,305
Annalina,9
Annalisa,32
Annalotta,16
Annamaaria,26
Annamaija,239
Annamari,966
Annamaria,291
Annamarie,8
Annamarja,9
Annami,52
Annamiina,8
Annamária,11
Annareeta,9
Annareetta,26
Annariikka,60
Annariina,130
Annariitta,30
Annarilla,8
Annaroosa,6
Annarosa,11
Annasofia,36
Annastiina,831
Annastina,120
Anne,35053
Annea,18
Anneka,101
Anneke,21
Annel,34
Annele,2191
Annelea,5
Annelei,6
Anneli,122495
Annelie,135
Anneliese,10
Anneliina,64
Anneliisa,9
Annelina,6
Annelise,23
Annely,15
Annemaarit,5
Annemaija,7
Annemaj,11
Annemari,533
Annemaria,34
Annemarie,73
Annemi,31
Annemo,16
Anneriina,5
Annestiina,5
Annet,6
Annett,16
Annetta,16
Annette,1480
Annevi,20
Anni,19874
Annia,5
Annica,439
Annick,7
Annicka,7
Annie,384
Annielina,5
Anniina,15221
Annika,23440
Annikaisa,17
Anniki,5
Annikka,791
Annikki,57304
Annileena,20
Anniliina,45
Annilotta,16
Annimaari,6
Annimaija,20
Annimari,68
Annimaria,44
Annina,2817
Anniriina,5
Annis,6
Annisofia,8
Annita,14
Annlis,12
Annmari,98
Annmarie,38
Annoora,8
Annsofi,10
Annsofie,9
Annu,892
Annuka,16
Annukka,6401
Annuli,87
Annuliina,16
Annuska,16
Anny,20
Annéa,6
Anouk,13
Anri,342
Anrietta,5
Anriika,6
Anriikka,22
Anriina,7
Anrika,13
Ansa,981
Ansela,14
Anseli,5
Anselica,10
Anseliga,6
Anseliina,14
Anselika,23
Anselina,8
Anselma,5
Anselmiina,16
Anshur,5
Ansku,16
Ansu,8
Ansuliina,7
Antero,6
Anthea,15
Anthonia,8
Antigona,13
Antje,17
Antoinette,142
Anton,5
Antonella,35
Antonetta,5
Antonette,5
Antonia,632
Antonie,8
Antonietta,8
Antoniina,26
Antonina,223
Antonovna,5
Antrea,9
Anttila,5
Anttoniina,13
Anttonina,7
Anttoona,9
Anttuuna,12
Anu,13456
Anukaisa,7
Anuleena,8
Anuliina,67
Anuliisa,23
Anumari,11
Anumaria,6
Anuradha,6
Anuriikka,13
Anushka,5
Anvi,12
Anwar,16
Anya,80
Anyango,5
Anzal,5
Anzela,13
Anzelika,13
Anzhela,13
Anzhelika,22
Aoife,8
Aparecida,6
Apila,28
Apollonia,41
Apolonia,9
April,57
Aprilia,6
Aqviliina,5
Ara,13
Arabella,42
Araceli,8
Aradia,5
Aralia,20
Aram,6
Aranka,8
Araya,11
Arbenita,8
Arbnora,6
Ardita,17
Ardo,6
Arelia,7
Areliina,5
Aretha,5
Aretta,31
Arezo,10
Arezoo,7
Arezu,9
Argentina,7
Aria,49
Ariadna,15
Ariadne,22
Ariana,175
Ariane,28
Arianna,115
Arianne,33
Ariel,207
Ariela,81
Ariella,47
Arielle,24
Arietta,11
Arif,8
Arife,5
Ariitta,5
Arija,5
Arin,11
Arina,127
Arisa,13
Arisara,7
Arita,86
Aritta,8
Ariya,11
Arja,20097
Arjaana,5
Arjaleena,6
Arjaliisa,6
Arjeta,5
Arla,277
Arleena,19
Arlena,15
Arlene,87
Arlette,20
Arlinda,22
Arline,11
Arma,30
Armelle,5
Armi,4051
Armida,261
Armiida,345
Armiina,6
Armiita,6
Arminda,5
Armita,5
Arna,56
Arnella,5
Arnevi,45
Arnika,5
Arnikki,9
Aroha,7
Aronia,28
Arpa,5
Arra,7
Arta,22
Artemis,30
Artina,6
Aruna,6
Arvida,6
Arwa,11
Arwen,37
Arya,22
Aryana,9
Arzo,5
Arzu,11
Asa,5
Asaad,7
Asad,21
Asal,13
Asantewaa,9
Aseel,6
Asel,5
Asena,6
Asha,78
Ashlee,6
Ashleigh,6
Ashley,54
Ashna,6
Asho,17
Ashraf,12
Ashti,5
Asia,26
Asif,6
Asikainen,5
Asil,7
Asiya,17
Asja,9
Asla,25
Asli,25
Aslög,40
Asma,95
Asmaa,40
Asmin,17
Aspasia,6
Asra,19
Asrin,13
Assi,438
Assia,7
Asta,4641
Aster,41
Asteri,63
Astra,19
Astrea,11
Astri,28
Astrid,2813
Astrit,5
Asya,11
Atef,9
Atefa,5
Atena,8
Ateya,5
Athanasia,5
Athena,47
Athene,32
Athina,30
Atieno,20
Atiya,5
Atlanta,15
Atlas,5
Atsalea,10
Audrey,46
August,5
Augusta,526
Auguste,8
Augustiina,29
Augustina,19
Augustine,11
Aukusta,29
Aukustiina,8
Aula,37
Auli,4284
Auliina,8
Aulikki,11125
Aulimaija,5
Aulona,13
Auma,8
Aune,8534
Aunetta,12
Auni,290
Aunikki,7
Aura,1612
Aure,25
Aurea,27
Aureelia,32
Aurela,10
Aurelia,1045
Aurelie,12
Auri,310
Auria,12
Auriina,28
Auringonkukka,11
Aurinko,110
Auroora,1055
Aurora,18787
Aurore,12
Auruura,15
Aurélia,6
Aurélie,10
Autumn,7
Auvikki,30
Auvo,18
Ava,1178
Avalia,6
Avalon,16
Avan,7
Ave,14
Avelia,32
Aveliina,15
Avelina,14
Aveline,11
Avella,33
Avena,14
Avery,7
Avesta,9
Avianna,5
Aviela,6
Avigail,9
Avila,7
Avilla,35
Avin,17
Aviva,37
Avril,8
Awa,62
Awad,8
Awadh,5
Aweis,6
Awil,15
Awino,6
Awuor,10
Axa,21
Axel,5
Axelia,7
Axelina,29
Aya,73
Ayaan,65
Ayad,11
Ayah,9
Ayala,9
Ayan,82
Ayana,11
Ayat,9
Ayda,26
Aye,14
Ayele,5
Ayesha,23
Ayla,70
Aylin,56
Ayman,8
Aynur,18
Ayomide,11
Aysan,5
Ayse,57
Aysegül,8
Aysel,16
Aysha,22
Aysu,5
Ayten,10
Aza,6
Azadeh,14
Azalea,10
Azam,5
Azeb,7
Azemine,7
Azhaar,6
Azhar,6
Azin,6
Azita,10
Aziz,24
Aziza,27
Azize,8
Azra,52
Aïcha,8
Aïda,6
Ba,5
Babette,15
Baby,6
Bach,7
Badria,5
Bafrin,6
Bahar,50
Bahare,7
Bahia,6
Bahija,5
Bahja,10
Bahra,5
Bahrije,6
Bailey,5
Bambi,17
Banaz,7
Bang,9
Bani,5
Banu,11
Bao,46
Baraa,7
Baran,12
Barbara,353
Barbi,12
Barbra,5
Barbro,1264
Barita,17
Bashiir,13
Bashir,49
Basma,15
Bassam,5
Batool,12
Batseba,6
Batul,8
Baya,5
Bayan,11
Be,13
Bea,675
Beada,59
Beanna,6
Beata,894
Beate,43
Beatha,5
Beatric,5
Beatrice,1276
Beatris,8
Beatrise,6
Beatrix,55
Beatriz,60
Beatta,25
Bebe,7
Beda,172
Bee,7
Beea,67
Beeda,86
Beerit,31
Begard,5
Begum,5
Behije,6
Bei,7
Bela,9
Belen,6
Belinda,264
Bella,483
Belle,22
Belma,12
Belén,8
Ben,5
Benedetta,7
Benedicta,13
Benedicte,11
Benedikta,7
Benedikte,9
Bengta,7
Benin,10
Benina,13
Benita,1344
Benitta,6
Benjamin,7
Bent,26
Bente,9
Bera,5
Beren,6
Berenice,5
Berenike,8
Berfin,56
Berina,6
Berit,1344
Berita,8
Beritan,9
Berith,26
Beritta,5
Berivan,25
Bernadette,31
Bernhardina,5
Bernice,232
Berta,84
Bertha,55
Bertina,11
Bertta,1103
Beryl,19
Besa,10
Besarta,12
Besiana,5
Bess,8
Beth,17
Bethany,7
Bethel,8
Betina,16
Betra,5
Betsy,8
Betta,9
Bette,8
Betti,19
Bettiina,203
Bettina,793
Betty,212
Betul,8
Betül,9
Beyza,5
Beáta,13
Bia,14
Bianca,397
Bianka,5
Bibi,31
Bich,54
Bigga,21
Bilan,8
Bile,11
Biljana,8
Billie,12
Bina,8
Binh,5
Bint,9
Binta,29
Binte,15
Bintou,12
Bintu,6
Biret,13
Birge,7
Birgetta,59
Birgit,3194
Birgith,6
Birgitt,19
Birgitta,14789
Birgitte,52
Birit,68
Birita,18
Biritta,36
Birjetta,9
Birketta,9
Birkitta,65
Birte,7
Birthe,22
Bishaaro,5
Bita,11
Bitja,6
Björg,5
Björk,9
Blanca,27
Blanche,7
Blanka,27
Blenda,9
Bleona,11
Blerina,15
Blerona,5
Blerta,19
Blessing,25
Blondina,6
Blondine,26
Blue,5
Bo,8
Bodil,234
Boel,21
Bogdana,8
Boglárka,5
Boi,6
Bojan,18
Bonita,10
Bonnie,16
Borbála,8
Borghild,18
Borisovna,23
Bouchra,10
Bozena,11
Bree,5
Brenda,46
Bria,16
Briana,17
Brianna,69
Brianne,5
Bricella,10
Bricilla,8
Bridget,15
Brielle,6
Brigit,5
Brigitta,44
Brigitte,68
Briita,41
Briitta,582
Brisella,7
Brit,7
Brita,1811
Britel,5
Britney,8
Britt,383
Britta,733
Brittany,9
Britten,6
Brooke,18
Bruna,7
Brynhild,9
Burcu,5
Burhan,6
Buse,6
Bushra,39
Buule,5
Bärbel,6
Béa,5
Béatrice,18
Büsra,7
Caarin,6
Caisa,22
Caisha,12
Caitlin,35
Caitlyn,10
Cajsa,83
Cali,6
Calista,10
Calla,6
Cam,28
Camelia,9
Cami,11
Camila,47
Camilia,5
Camilla,5693
Camille,47
Camomilla,7
Canan,12
Candace,5
Candice,11
Candy,9
Cansu,11
Capri,7
Caprice,5
Cara,78
Caramia,16
Carelia,30
Caren,13
Carena,5
Caridad,8
Cariina,24
Carin,217
Carina,1889
Carine,26
Carissa,26
Carita,7020
Caritas,5
Caritha,8
Caritta,16
Carla,348
Carlene,5
Carlina,5
Carlota,10
Carlotta,42
Carly,5
Carme,7
Carmel,18
Carmela,94
Carmelita,8
Carmen,423
Carmencita,6
Carmina,6
Caro,16
Carol,57
Carola,1962
Carole,17
Caroliina,290
Carolin,121
Carolina,2010
Caroline,1119
Carolyn,42
Casandra,103
Casimira,6
Cassandra,441
Cassia,5
Castalia,8
Cat,6
Cata,7
Cataleya,10
Catalina,76
Catariina,37
Catarina,591
Catarine,10
Caterina,99
Caterine,9
Catharina,696
Catharine,28
Catherina,32
Catherine,412
Cathina,8
Cathleen,6
Cathrin,24
Cathrina,12
Cathrine,94
Cathryn,12
Cathy,14
Cathérine,7
Cati,6
Catina,8
Catja,12
Catriina,14
Catrin,105
Catrina,33
Catrine,105
Catriona,18
Caty,5
Cayenne,5
Cea,5
Cecelia,7
Cecil,5
Cecile,19
Cecilia,4737
Cecilie,37
Ceela,9
Ceelia,5
Celena,8
Celene,6
Celeste,104
Celestia,5
Celestina,7
Celestine,15
Celia,129
Celina,282
Celinda,52
Celine,160
Cemile,11
Cenita,8
Cennet,8
Cera,5
Ceren,10
Ceres,10
Cerys,8
Cesilia,147
Cessa,6
Ceyda,6
Chaima,7
Chaimae,5
Chan,9
Chana,7
Chandra,9
Chanel,39
Chanelle,17
Chanette,15
Chang,6
Chantal,76
Chantel,8
Chantelle,22
Charina,7
Charissa,5
Charita,9
Charity,10
Charlene,26
Charles,8
Charlie,13
Charline,5
Charlize,9
Charlot,12
Charlott,114
Charlotta,3827
Charlotte,1733
Charmaine,6
Chasmine,5
Chatarina,62
Chatarine,7
Chatrin,12
Chatrina,9
Chatrine,18
Chau,29
Chebet,5
Chelsea,52
Chen,12
Cheng,5
Cheri,11
Cherie,9
Cherifa,5
Cherry,10
Cheryl,23
Cheyenne,11
Chi,37
Chia,21
Chiamaka,21
Chiara,95
Chidera,12
Chidimma,6
Chidinma,5
Chikaima,5
Chimamanda,7
Chiman,8
Chinenye,6
Ching,11
Chinh,5
Chintana,5
Chinyere,6
Chioma,29
Chira,11
Chisom,7
Chloe,105
Chloé,55
Cho,7
Chris,32
Chrisse,11
Christa,689
Christabel,15
Christal,27
Christel,704
Christell,13
Christella,12
Christelle,23
Christiana,40
Christiane,52
Christianna,5
Christianne,15
Christie,15
Christiina,149
Christin,225
Christina,6929
Christine,2056
Christy,5
Chro,5
Chrystal,9
Chun,11
Cia,175
Ciana,6
Ciara,59
Cicilia,11
Ciia,40
Ciira,5
Cilia,8
Cilla,143
Cim,5
Cina,9
Cinderella,12
Cindi,10
Cindy,210
Cinja,6
Cinna,6
Cira,32
Cita,5
Claire,112
Clara,453
Clare,26
Clarice,9
Clarissa,260
Clarisse,24
Clarita,5
Clark,5
Clary,73
Claude,7
Claudette,8
Claudia,844
Claudine,23
Clea,7
Clementine,14
Cleo,14
Cleopatra,10
Clotilde,9
Cléa,5
Clémentine,11
Coco,23
Colette,22
Colleen,9
Comfort,7
Con,5
Concepcion,8
Concordia,7
Cong,5
Connie,10
Constance,77
Constanza,6
Constanze,5
Consuelo,10
Cora,22
Coral,5
Coralie,10
Cordelia,15
Corina,15
Corinna,57
Corinne,90
Cornelia,169
Cosima,5
Courtney,10
Crisse,5
Crista,200
Cristal,18
Cristel,27
Cristiina,80
Cristin,21
Cristina,598
Cristine,69
Cruz,6
Crystal,31
Csilla,7
Cuc,6
Cynthia,37
Cécile,24
Cécilia,17
Céleste,5
Célestine,8
Célia,6
Céline,46
Da,19
Daahir,8
Daalia,80
Daana,5
Daaria,6
Dafina,19
Dafna,8
Dafni,5
Daga,15
Dagmar,735
Dagmara,6
Dagmari,5
Dagny,201
Dahabo,11
Dahir,48
Dahlia,69
Dai,6
Daina,6
Daisy,139
Dakhil,7
Dakota,14
Dalal,11
Dali,12
Dalia,88
Dalila,20
Dalmar,5
Daly,5
Dalya,7
Damaris,34
Damita,7
Damla,32
Dan,14
Dana,155
Danae,6
Danai,8
Danella,6
Dang,12
Dani,5
Dania,58
Danica,30
Daniel,24
Daniela,2388
Daniele,6
Daniella,203
Danielle,134
Danijela,7
Danika,17
Danina,7
Danira,5
Danita,10
Daniéla,11
Danja,18
Danni,5
Danuta,23
Danya,7
Danyela,5
Dao,25
Daphne,14
Dara,18
Darcy,6
Dareia,11
Daria,278
Darin,6
Darina,39
Darja,141
Darlene,13
Darling,43
Darya,26
Daud,15
Davida,9
Davina,19
Dawn,36
Dawood,8
Dayana,8
De,30
Dea,50
Deana,6
Deanna,14
Debbie,13
Debora,61
Deborah,91
Debra,7
Decire,14
Deciree,10
Deciré,5
Decirée,7
Dede,6
Dee,8
Deego,6
Deelia,5
Deepa,5
Deeqa,17
Deeqo,15
Defne,20
Deila,5
Deka,10
Del,58
Delal,16
Delali,5
Delara,5
Delfina,9
Delia,47
Delicia,7
Delila,58
Delilah,12
Delina,8
Della,12
Delphine,13
Demi,53
Deng,7
Denice,117
Denisa,14
Denise,309
Denisovna,5
Denisse,5
Deniz,35
Deniza,5
Denize,9
Deone,6
Deqa,9
Deqo,5
Derin,12
Derya,38
Desideria,22
Desire,179
Desiree,344
Desiren,10
Desireé,53
Desirè,10
Desirèe,7
Desiré,259
Desirée,236
Despina,17
Destiny,20
Devi,18
Devina,6
Dewi,5
Dia,17
Diamanda,6
Diamond,6
Diana,1338
Diandra,18
Diane,64
Dianna,16
Dianne,10
Diara,6
Dias,5
Diba,6
Dicle,8
Didar,6
Didem,12
Didi,5
Diellza,13
Diem,31
Diep,12
Dieu,21
Diina,18
Dijana,7
Dila,15
Dilan,40
Dilara,50
Dilek,22
Dima,13
Dimitra,25
Dimitrova,14
Dina,267
Dinah,28
Dinh,8
Dino,5
Diona,13
Dione,10
Dionne,10
Disa,292
Dita,19
Ditte,39
Divine,16
Divya,7
Diya,9
Djamila,6
Dmitrievna,15
Doaa,10
Doan,6
Doh,5
Dolly,48
Dolores,169
Domenica,6
Domina,5
Dominica,9
Dominika,22
Dominique,35
Domna,19
Dona,13
Donata,10
Dong,12
Donia,27
Donika,14
Donjeta,7
Donna,86
Donya,27
Doora,7
Dooris,7
Dora,135
Dorcas,14
Dordi,8
Doreen,13
Dorina,14
Doris,809
Dorita,42
Dorota,20
Dorotea,110
Dorothea,151
Dorothee,6
Dorothy,59
Dorothéa,6
Dorrit,145
Dorsa,5
Dorthe,13
Dorthy,18
Dorty,5
Doruntina,6
Dounia,12
Dragana,11
Drew,5
Drita,17
Dua,15
Duaa,10
Dudu,5
Duha,7
Dung,39
Dunia,31
Dunja,28
Dunya,20
Duong,13
Duru,5
Duyen,20
Duygu,7
Dzenana,5
Désirée,55
Dóra,9
Ea,112
Ebba,1003
Ebony,5
Ebru,15
Ebunoluwa,5
Ece,7
Ecrin,7
Eda,76
Edda,71
Edea,14
Edel,31
Edelina,5
Eden,333
Edeveig,9
Edia,5
Edibe,6
Ediita,6
Ediitta,6
Edina,42
Edit,1073
Edita,83
Edith,2376
Editha,9
Edla,670
Edna,105
Edona,31
Eduarda,8
Edviina,17
Edvina,30
Edward,7
Edwina,16
Edyta,6
Eea,108
Eeda,64
Eeden,18
Eedi,28
Eedit,671
Eedith,57
Eedla,179
Eela,103
Eeli,16
Eelia,33
Eelin,176
Eemil,7
Eena,51
Eeni,10
Eeri,19
Eerica,61
Eerika,5112
Eerin,99
Eerina,8
Eeti,26
Eetla,43
Eetu,6
Eeva,27815
Eevakaisa,34
Eevaleena,52
Eevaliina,11
Eevaliisa,80
Eevamaija,37
Eevamari,24
Eevamaria,57
Eevariitta,12
Eevastiina,165
Eeve,8
Eevi,5021
Eevia,5
Efe,5
Effi,42
Effia,38
Effie,5
Effiina,5
Efi,5
Efia,16
Efrosini,5
Efua,11
Egle,5
Egzona,21
Eh,12
Eha,17
Eida,8
Eija,21882
Eijaliisa,9
Eila,22832
Eilamaria,7
Eile,10
Eileen,52
Eili,46
Eilia,8
Eimi,135
Eina,11
Eine,2315
Eini,1837
Einikki,34
Eir,9
Eira,3812
Eire,8
Eirene,13
Eiri,30
Eirin,13
Eivor,651
Eja,41
Ejvor,18
Ekaterina,734
Ekaterini,17
El,6
Ela,50
Elaha,6
Elahe,8
Elaheh,5
Elaine,77
Elaisa,12
Elana,10
Elanor,64
Elba,5
Elbe,18
Elda,36
Eldina,6
Ele,6
Elea,748
Elean,9
Eleana,14
Eleanna,7
Eleanoora,92
Eleanor,256
Eleanora,152
Eleanore,8
Electra,9
Eleena,57
Elefteria,8
Eleftheria,8
Elegia,12
Eleia,9
Eleina,7
Elektra,29
Elen,35
Elena,5142
Elene,39
Eleni,99
Elenia,7
Elenna,9
Elenoora,7
Elenor,44
Elenora,11
Elenore,5
Eleonoora,1325
Eleonor,71
Eleonora,1347
Eleonore,52
Elessa,6
Elettra,10
Elfete,7
Elfi,9
Elfiina,18
Elfrida,28
Elfride,5
Elfriede,11
Elga,14
Elham,23
Eli,11
Elia,21
Eliana,141
Eliane,20
Elianna,9
Elianne,6
Elias,22
Elice,151
Elicia,24
Elida,178
Elie,5
Elif,111
Eliida,30
Eliina,3078
Eliis,7
Eliisa,7236
Eliisabet,202
Eliisabeth,22
Eliise,103
Eliisi,72
Elin,1797
Elina,64408
Elinda,23
Eline,56
Elinne,7
Elinor,119
Elinora,5
Elinore,11
Eliora,9
Elis,9
Elisa,19123
Elisabet,26246
Elisabeth,19831
Elisabetta,18
Elisapet,6
Elisavet,7
Elisaveta,28
Elisbeth,5
Elise,5049
Eliseba,5
Elisha,6
Elisheva,12
Elisi,48
Elisia,29
Elissa,180
Elisse,10
Elita,15
Eliza,87
Elizabet,34
Elizabeta,7
Elizabeth,1175
Elizaveta,189
Elize,7
Eljesa,5
Elka,6
Elke,32
Ella,13891
Ellakaisa,5
Ellaliisa,8
Ellamaija,6
Ellamari,42
Ellamaria,35
Ellan,21
Ellanoora,53
Ellariina,18
Elle,1513
Ellen,10682
Elleni,16
Ellenoora,9
Ellenor,11
Ellevi,30
Elli,10366
Ellianna,6
Ellida,160
Ellie,149
Elliida,80
Elliina,111
Ellika,14
Ellimaija,36
Ellimari,21
Ellimaria,29
Ellin,9
Ellina,6
Ellinoora,952
Ellinor,461
Ellinora,63
Ellinore,26
Elliot,5
Elliroosa,6
Ellis,18
Ellu,9
Elly,97
Elma,2401
Elmedina,10
Elmeriina,5
Elmi,305
Elmiida,9
Elmiina,610
Elmiira,56
Elmina,23
Elmira,43
Elna,970
Elnaz,13
Elo,13
Elodia,7
Elodie,16
Eloisa,83
Eloise,43
Elona,29
Eloni,28
Elora,9
Elouise,14
Eloïse,8
Elpi,13
Elpida,6
Elsa,10403
Elsamaria,8
Elsayed,5
Elsbet,17
Elsbeth,48
Else,1452
Elsebet,6
Elsebeth,7
Elsemaj,7
Elsi,1924
Elsie,180
Elsiina,13
Elsikki,5
Elsimaria,5
Elsmaj,9
Elspeth,6
Elssa,9
Elssi,9
Elsvig,6
Elsy,9
Elva,21
Elvan,5
Elve,9
Elvi,4876
Elvia,34
Elvie,5
Elviina,32
Elviira,3959
Elvin,7
Elvina,56
Elvine,15
Elvira,1424
Elvy,13
Elwa,16
Elwiira,16
Elwira,19
Elyse,7
Elysia,8
Elza,32
Elzbieta,24
Eléa,7
Eléna,13
Eléonore,14
Em,5
Ema,22
Emad,7
Eman,16
Emanuela,14
Embla,19
Emel,15
Emeli,11
Emelia,284
Emelie,802
Emeliia,9
Emeliina,138
Emelina,56
Emelinda,5
Emeline,23
Emelié,7
Emely,23
Emerald,6
Emeraude,5
Emerentia,97
Emerentsia,6
Emeriikka,8
Emese,13
Emi,37
Emiilia,127
Emiina,16
Emil,21
Emila,25
Emile,11
Emili,134
Emilia,67530
Emiliana,14
Emilianna,6
Emilie,663
Emilii,19
Emiliia,12
Emiliina,27
Emilija,35
Emilin,5
Emilina,6
Emilié,11
Emilja,111
Emilla,59
Emily,809
Emilyn,10
Emina,89
Emine,95
Eminna,7
Emira,16
Emma,16693
Emmakaisa,11
Emmaleena,23
Emmaliina,64
Emmaliisa,11
Emmalotta,17
Emmanuel,9
Emmanuela,12
Emmanuella,9
Emmanuelle,27
Emmariikka,8
Emmariina,7
Emmastiina,18
Emme,7
Emmeli,11
Emmelie,40
Emmeliina,13
Emmelina,7
Emmeline,15
Emmi,9944
Emmie,30
Emmiina,649
Emmiliina,10
Emmilotta,18
Emmina,7
Emminoora,7
Emmy,239
Emna,5
Emriikka,13
Emy,10
Emélie,5
Emília,5
Ena,19
Ene,33
Enea,15
Eneli,7
Engeliina,13
Engla,123
Eni,8
Enia,52
Enid,24
Enikö,6
Eniola,7
Enisa,13
Enissa,6
Enja,140
Enkeli,8
Enla,5
Enly,5
Enna,1333
Enne,143
Ennea,10
Enneli,36
Enneliisa,5
Enni,5959
Ennie,9
Enniina,37
Ennika,22
Ennimaria,6
Ennu,5
Enny,23
Enrica,19
Enriikka,8
Enrika,20
Ensi,111
Enya,89
Epp,8
Eppu,15
Era,17
Erda,12
Eri,5
Erica,1979
Eriika,590
Eriikka,325
Erika,9501
Erikka,37
Erin,1353
Erina,48
Erinna,6
Eris,6
Erisa,6
Erita,10
Erja,5749
Erjona,10
Erla,11
Erlinda,10
Erma,6
Ermina,5
Ermira,8
Erna,370
Ernestine,23
Erona,5
Ertta,16
Erva,14
Ervi,5
Erza,19
Erzsébet,9
Ese,5
Esenia,7
Esi,9
Esikko,24
Esin,8
Eslem,9
Esma,59
Esmat,6
Esme,65
Esmeralda,223
Esmeray,6
Esmi,6
Esosa,8
Esperance,6
Esperanza,28
Esra,74
Esraa,6
Essa,6
Essi,7146
Essia,5
Essie,11
Essiina,17
Essu,6
Esta,7
Estefania,8
Estel,25
Estela,11
Estell,5
Estella,239
Estelle,406
Ester,5002
Estera,5
Esteri,7058
Esteriina,43
Esther,370
Esti,21
Estrella,9
Estrid,172
Eszter,19
Etel,262
Etelka,8
Ethel,330
Etla,6
Etna,21
Etsiina,5
Etta,91
Etti,70
Etty,7
Eudokia,16
Eufemia,164
Eufemiia,5
Eufrosiina,6
Eufrosyne,96
Eufrosyyne,7
Eugenia,107
Eugenie,36
Eugénie,11
Eulaalia,15
Eulalia,24
Euli,5
Eunice,49
Euniika,5
Eunika,6
Eunike,6
Eva,6233
Evamaria,18
Evangelia,21
Evangelina,18
Evangeline,27
Evanna,16
Evastiina,21
Evastina,17
Evdokia,6
Eve,618
Evea,8
Eveli,13
Evelia,284
Eveliia,8
Eveliina,27190
Eveliisa,7
Evelin,354
Evelina,1252
Eveline,91
Evella,28
Evely,10
Evelyn,407
Evelyne,14
Evena,62
Everiina,10
Evette,6
Evgenia,135
Evgeniia,18
Evgenija,20
Evgeniya,16
Evgenjevna,5
Evguenia,19
Evi,320
Evia,39
Evian,22
Evianna,21
Evie,32
Evilda,14
Evilla,11
Evin,53
Evina,9
Evita,346
Evjen,5
Evy,92
Ewa,132
Ewe,6
Eweliina,11
Ewelina,15
Ewelyn,5
Ewy,6
Exenia,23
Eylem,7
Eylül,17
Eyvor,38
Ezgi,6
Ezinne,5
Faadumo,30
Faarah,9
Fabiana,12
Fabienne,11
Fabiola,13
Fadel,5
Fadhil,10
Fadia,7
Fadila,7
Fadima,6
Faduma,27
Fadumo,162
Fadwa,5
Fahad,9
Fahima,12
Fahimeh,6
Fahmo,13
Fahrije,5
Faina,48
Faine,5
Faisa,36
Faisal,27
Faiso,7
Faith,52
Faiza,24
Faize,7
Fakher,12
Faleh,6
Familia,14
Fan,10
Fang,11
Fani,6
Fanni,2537
Fannie,11
Fanniina,16
Fanny,2823
Farah,138
Farahnaz,12
Faraj,8
Fardowsa,41
Fardowso,10
Fardus,8
Farduus,5
Farhan,19
Farhana,12
Farhat,5
Farhia,45
Farhio,16
Farhiya,14
Farhiyo,26
Faria,6
Fariba,18
Farida,43
Farideh,10
Fariha,5
Farina,26
Farrah,8
Fartun,31
Fartuun,13
Farxiyo,5
Farzana,15
Farzaneh,8
Fatah,5
Fatbardha,6
Fatema,39
Fatemah,7
Fateme,9
Fatemeh,50
Fatha,5
Fathi,14
Fathia,5
Fathima,5
Fatiha,8
Fatima,401
Fatimah,17
Fatime,20
Fatjona,5
Fatma,97
Fatme,9
Fatmire,22
Fatna,7
Fatnan,5
Fatou,46
Fatoumata,11
Fatuma,11
Faustina,8
Favor,5
Favour,9
Fawzia,7
Fay,36
Fayak,5
Faye,28
Faysal,9
Fazile,7
Febe,25
Federica,17
Fedosia,7
Fee,5
Feelia,16
Fei,23
Felia,12
Felice,13
Felicia,1041
Felicitas,10
Felicity,16
Felina,5
Felisa,6
Felisia,10
Felizia,6
Femmi,10
Fen,11
Fenella,8
Feng,7
Fenja,9
Feodora,11
Feodosia,14
Ferdane,7
Fereshta,5
Fereshte,5
Fereshteh,18
Feria,5
Feride,22
Fernanda,34
Feryal,6
Feven,6
Fia,241
Fianna,10
Fidan,8
Fiia,566
Fiija,5
Fiina,145
Fiinu,60
Fikrije,7
Filippa,369
Filiz,16
Filomena,13
Filsan,16
Fina,16
Finja,10
Fiona,1092
Fiorella,11
Firas,5
Firdaus,6
Fitore,16
Fjolla,12
Flavia,7
Fleur,11
Floora,21
Flor,8
Flora,91
Flore,5
Florence,113
Florencia,15
Florensia,5
Florentina,26
Florije,7
Florina,7
Florinda,5
Folasade,7
Folashade,7
Fong,7
Foos,7
Fotini,6
Fouad,11
Fowsia,12
Fowsiya,5
Fowzia,6
Fozia,5
France,7
Frances,78
Francesca,165
Franceska,10
Francilia,14
Francina,7
Francine,26
Francis,7
Francisca,39
Franciska,38
Francoise,16
Franselia,7
Fransesca,11
Franseska,10
Fransiina,123
Fransilia,43
Fransilja,20
Fransina,33
Fransisca,16
Fransiska,42
Franziska,59
Françoise,12
Frea,5
Frederica,8
Frederiikka,6
Frederika,42
Frederike,6
Fredrica,58
Fredriika,111
Fredriikka,107
Fredrika,1247
Freesia,5
Freia,22
Freija,76
Freja,324
Freya,167
Freyja,24
Fria,11
Frida,1899
Frideborg,37
Frieda,15
Friederike,13
Friia,17
Friida,149
Fu,17
Fuaad,12
Fuad,20
Funda,9
Furaha,5
Gabriel,7
Gabriela,394
Gabriele,19
Gabriella,726
Gabrielle,95
Gaby,6
Gaelle,6
Gaia,35
Gail,11
Gala,6
Galadriel,11
Galia,5
Galina,556
Galyna,11
Gamze,10
Ganga,9
Ganimete,13
Ganna,9
Garina,5
Garita,28
Gauri,6
Gay,9
Gaëlle,6
Gea,57
Geeta,6
Gemina,6
Gemma,19
Genet,7
Genevieve,10
Geneviève,6
Genia,8
Gennadjevna,10
Genoveva,7
Gentiana,12
Georgette,10
Georgia,29
Georgiana,6
Georgieva,13
Georgievna,7
Georgina,58
Georgine,7
Geraldine,37
Gerd,338
Gerda,207
Gergana,8
Gerli,13
Germaine,10
Gerta,8
Gertrud,324
Gertrude,15
Ghalib,9
Ghazal,10
Ghislaine,8
Ghita,118
Gia,79
Giada,13
Giang,22
Gianna,10
Giau,5
Gift,5
Gifty,6
Gigi,7
Giia,11
Gila,8
Gilda,23
Gillian,15
Gina,84
Ginger,6
Giorgia,5
Giovanna,32
Gisela,152
Gisele,14
Gisella,33
Giselle,31
Gisèle,5
Gita,51
Githa,18
Gitta,91
Gittan,6
Gitte,79
Giulia,33
Giuseppina,9
Gizem,9
Gladis,6
Gladys,46
Glena,5
Glenda,12
Gloria,125
Glory,16
Gohar,7
Golaleh,5
Golda,6
Golde,7
Gona,5
Grace,333
Gracia,14
Graciela,13
Grazia,10
Graziella,11
Grazyna,18
Greeta,61
Greete,5
Greetta,127
Gresa,21
Greta,1425
Gretchen,13
Grete,28
Gretel,378
Gretha,6
Grethe,7
Grethel,12
Gretta,5
Grigorjevna,10
Griselda,5
Gry,12
Gráinne,5
Guadalupe,13
Gudrun,232
Gul,16
Gulala,5
Guldine,9
Gulistan,5
Gullan,25
Gullborg,9
Gullbritt,11
Gullevi,25
Gulli,7
Gullveig,11
Gullvi,18
Gulmira,5
Gulnara,13
Gulvi,5
Gun,929
Gunborg,289
Gunbritt,42
Gunda,84
Gundborg,8
Gundel,42
Gundis,9
Gunfrid,7
Gungerd,10
Gunhild,409
Gunilla,2205
Gunita,7
Gunlis,50
Gunlög,73
Gunn,100
Gunne,13
Gunnel,963
Gunneli,6
Gunnevi,239
Gunni,42
Gunta,5
Gunve,5
Gunveig,42
Gunvi,31
Gunvor,1015
Gurli,229
Gustaava,17
Gustava,75
Gwen,14
Gwendoline,8
Gwendolyn,11
Gyne,5
Gyöngyi,5
Görel,77
Göta,351
Götha,10
Göthild,6
Gül,15
Gülcan,5
Gülen,6
Güler,5
Gülsen,7
Gülsüm,5
Güzel,8
Ha,88
Haagar,6
Haashi,6
Haawo,10
Habib,13
Habiba,39
Habibo,13
Habiiba,9
Habiibo,7
Habon,7
Haboon,5
Hadassa,10
Hadassah,7
Haddy,11
Hadi,16
Hadia,7
Hadil,9
Hadiya,10
Hafida,5
Hafidh,7
Hafiza,5
Hafsa,99
Hafso,13
Hagar,92
Hagi,12
Hai,30
Haidar,14
Haide,5
Haider,10
Haidi,11
Haifa,5
Haije,9
Haijele,8
Hailey,33
Haiyan,5
Haja,5
Hajar,26
Hajer,9
Haji,21
Hajnalka,8
Hakima,7
Hala,13
Halala,6
Haldis,9
Haley,12
Haliimo,7
Halima,80
Halime,10
Halimo,56
Halina,32
Halla,171
Hallatar,5
Hamad,6
Hamda,15
Hamdan,6
Hamdi,80
Hameed,10
Hamid,20
Hamida,16
Hamide,11
Hamsa,5
Hamza,6
Han,31
Hana,50
Hanaa,12
Hanaan,27
Hanad,13
Hanadi,5
Hanan,57
Hanane,9
Haneen,5
Hang,47
Hanh,39
Hani,99
Hania,12
Hanieh,7
Hanifa,12
Hanife,9
Haniin,6
Hanim,5
Hanin,17
Haniya,5
Hanna,24247
Hannah,411
Hannakaisa,89
Hannaleena,168
Hannaliina,6
Hannaliisa,41
Hannamaaria,6
Hannamaija,45
Hannamari,445
Hannamaria,55
Hannan,5
Hannareetta,6
Hannariikka,28
Hannariina,15
Hannariitta,6
Hannastiina,13
Hanne,2045
Hannel,8
Hannele,86488
Hanneli,469
Hannelore,28
Hannemari,36
Hanni,282
Hanniina,5
Hannika,10
Hannimari,6
Hannukka,6
Hao,11
Hariet,5
Harley,5
Harmony,6
Harper,8
Harriet,1629
Harriett,6
Harrietta,7
Harriette,19
Hasan,40
Hashi,18
Hashim,16
Hasina,6
Hasna,10
Hassan,351
Hassina,5
Hasti,6
Hatem,13
Hatice,39
Hava,15
Havanna,13
Havin,22
Havina,14
Havu,6
Havva,6
Hawa,46
Hawar,5
Hawo,43
Hawra,6
Haya,7
Hayad,5
Hayat,20
Hayder,13
Hayley,21
Haylie,5
Hazal,12
Hazbije,5
Hazel,41
Hazim,5
Heather,33
Heba,13
Hebe,14
Hedda,128
Heddi,8
Heddy,14
Hede,5
Hedi,14
Hedie,6
Hediye,5
Hedvig,413
Hedwig,24
Hedy,13
Hee,5
Heelmä,10
Hei,5
Heide,8
Heidemarie,5
Heidi,23851
Heidimaria,9
Heidy,11
Heike,6
Heile,10
Heili,62
Heilimä,14
Heine,20
Heini,3858
Heinikki,56
Heinä,7
Heisel,7
Hekla,12
Helan,5
Heldine,48
Hele,80
Helea,29
Heleen,7
Heleena,4034
Helen,1412
Helena,124591
Helene,1531
Heleni,18
Helené,8
Heleri,5
Helfrid,39
Helga,1851
Helgi,6
Heli,16583
Helia,16
Helianna,41
Helianne,5
Heliina,5
Helin,81
Helina,35
Heline,21
Helinä,9554
Helisa,6
Heliä,28
Helja,14
Helje,5
Helju,8
Heljä,1866
Helka,2441
Helkky,71
Helky,33
Hella,19
Helle,236
Helleka,13
Hellen,386
Helleni,20
Hellevi,10570
Helli,1943
Hellikki,255
Hellin,1825
Helly,107
Hellä,582
Helma,14
Helme,13
Helmi,18104
Helmia,7
Helmiida,13
Helmiina,3030
Helmiira,7
Helmikki,6
Helmililja,17
Helmimaria,9
Helmina,36
Helmine,8
Helmiriitta,5
Helny,34
Heloisa,116
Heloise,10
Helpi,56
Helve,11
Helvi,5962
Helvia,8
Hely,1261
Helèn,8
Helène,6
Helén,157
Heléna,15
Heléne,77
Hena,9
Hendrika,16
Henja,10
Henje,11
Henna,11343
Hennaleena,9
Hennamari,26
Hennamaria,6
Hennariikka,103
Hennariina,17
Henne,7
Henni,1288
Henniina,100
Hennika,18
Henny,104
Henrica,118
Henriet,6
Henriett,5
Henrietta,1714
Henriette,320
Henriika,393
Henriikka,5977
Henriina,82
Henriitta,20
Henrik,5
Henrika,1235
Henrikka,15
Henrita,27
Hento,11
Hentriika,10
Hentriikka,13
Hephzibah,5
Hera,5
Herdis,10
Hermiina,14
Hermina,6
Hermine,27
Herminia,5
Hermione,7
Hero,16
Hersi,8
Herta,11
Hertha,9
Hertta,2178
Heta,2063
Hetafia,6
Hetastiina,26
Hetta,46
Hetti,68
Hiba,36
Hibaaq,11
Hibaq,12
Hibo,40
Hidajete,11
Hidaya,5
Hien,29
Hila,15
Hilal,12
Hilaria,5
Hilary,11
Hilda,3436
Hilde,101
Hildeborg,6
Hildegard,299
Hildegun,6
Hildegund,7
Hildi,23
Hildur,141
Hile,7
Hilja,4466
Hilka,7
Hilke,6
Hilkka,15772
Hilla,3448
Hillamaaria,5
Hillamari,11
Hillamaria,16
Hille,192
Hillervo,352
Hillevi,6862
Hilli,11
Hilma,3593
Hilmaliina,5
Hilpa,10
Hilpe,16
Hilpi,177
Hilppa,367
Hilta,22
Hiltu,6
Hilu,5
Hilve,111
Himmi,11
Hind,19
Hinda,14
Hinni,94
Hinriikka,10
Hintriikka,15
Hippu,47
Hira,9
Hirsi,7
Hissu,5
Hjördis,291
Ho,10
Hoa,45
Hoai,8
Hoang,51
Hoda,23
Hodan,84
Hodo,9
Hoi,5
Holly,28
Homa,10
Homaira,6
Honey,8
Hong,126
Honya,5
Hoodo,7
Hope,71
Hortensia,5
Hosna,12
Houda,9
Hristova,11
Htay,5
Htoo,31
Hua,26
Huda,77
Hue,27
Hui,18
Hulda,514
Humaira,6
Huong,91
Huseen,8
Husein,7
Husna,6
Hussain,10
Hussein,171
Huyen,47
Huynh,20
Hyang,5
Hymmi,10
Hymni,5
Hymy,86
Härdis,5
Hélène,63
Héléne,7
Hülya,7
Ia,176
Ian,5
Iana,31
Ianina,5
Ibadete,8
Ibado,7
Iben,12
Ibrahim,168
Ibtihal,5
Ibtisaam,7
Ibtisam,19
Ida,14029
Idaliina,10
Idalina,5
Idalmiina,6
Idamari,7
Idamaria,42
Idel,6
Idil,33
Idiris,7
Idman,5
Idris,5
Idun,48
Ieva,10
Ifeoluwa,8
Ifeoma,29
Ifrah,54
Iftin,9
Ihalempi,6
Ihana,26
Ihanelma,186
Ihanne,6
Ihsan,5
Iia,220
Iida,16997
Iidaliina,26
Iidaliisa,9
Iidalotta,6
Iidamari,14
Iidamaria,37
Iidasofia,6
Iija,28
Iila,6
Iimaan,8
Iina,6499
Iine,8
Iines,1335
Iinu,29
Iira,182
Iiri,64
Iiria,5
Iiris,6762
Iiristiina,5
Iisa,1764
Iise,8
Iissa,10
Iita,1157
Iitamari,12
Iitamaria,8
Iiti,5
Iitu,384
Iivi,31
Ija,23
Ijeoma,7
Ikhlaas,14
Ikhlas,15
Ikra,13
Ikraam,14
Ikraan,16
Ikram,28
Ikran,23
Ila,29
Ilaf,8
Ilana,143
Ilari,5
Ilaria,24
Ilayda,10
Ilda,11
Ildiko,12
Ildikó,14
Ileana,15
Ilena,7
Ilene,8
Ilenna,8
Ilhaam,5
Ilhaan,19
Ilham,35
Ilhan,26
Ilia,6
Iliana,25
Ilieva,6
Ilja,7
Ilknur,8
Illucia,5
Illusia,318
Illuusia,38
Ilma,338
Ilmari,7
Ilmatar,244
Ilmi,850
Ilo,50
Iloisa,12
Ilon,10
Ilona,22453
Ilsa,17
Ilse,707
Ilta,495
Imaan,8
Imad,10
Iman,138
Imane,14
Imani,8
Imbi,5
Imelda,14
Imen,6
Imma,7
Immaculee,5
Imme,5
Immi,61
Immikki,10
Imogen,7
Imola,6
Impi,764
Ina,805
Inaaya,6
Inanna,7
Inara,19
Inari,2517
Inaria,9
Inas,20
Inaya,9
Inca,34
Inci,13
Indi,10
India,44
Indiana,15
Indigo,16
Indira,53
Indra,11
Indy,5
Ine,7
Ines,901
Inese,5
Inessa,62
Inez,146
Ineza,7
Inga,2401
Ingabritt,9
Ingaliina,6
Ingalill,240
Ingalis,11
Ingbritt,11
Inge,146
Ingeborg,3401
Ingebritt,13
Ingegerd,1444
Ingegärd,440
Ingel,9
Ingela,238
Ingelill,5
Ingemaj,27
Ingemo,72
Inger,1727
Ingeri,8
Ingmarie,5
Ingrid,2495
Ingrit,12
Ingvild,5
Ingvor,53
Ingá,7
Inja,11
Inka,6102
Inkaliina,11
Inkamari,5
Inkariina,11
Inke,17
Inker,7
Inkeri,41604
Inki,9
Inna,1149
Inne,8
Inneli,6
Inni,23
Intisar,11
Intissar,5
Inu,5
Inès,23
Inés,10
Inês,5
Io,6
Ioana,21
Ioanna,18
Iona,45
Ioulia,30
Ipek,12
Ippa,13
Iqbal,5
Iqlaas,7
Iqlas,7
Iqra,36
Ira,1463
Iraida,37
Irana,8
Ireena,9
Ireene,607
Ireeni,9
Irem,19
Iren,28
Irena,130
Irene,22741
Irené,22
Iri,20
Iria,17
Irina,4161
Irini,29
Irinja,157
Irinka,8
Iris,3204
Irja,11250
Irjaliisa,9
Irkka,46
Irma,11910
Irmeli,28963
Irmelin,97
Irmgard,20
Irmi,5
Iro,40
Iryna,39
Irène,20
Irén,31
Iréne,141
Isa,927
Isabel,2154
Isabela,22
Isabell,277
Isabella,6010
Isabelle,644
Isadora,147
Isaela,6
Isatou,23
Ise,8
Isebel,6
Isela,39
Iselin,29
Iselinn,6
Isella,43
Isha,9
Isidora,8
Isis,7
Isla,2917
Ismael,10
Ismahaan,5
Ismahan,18
Ismail,77
Isman,6
Isobel,25
Isolde,42
Isra,75
Israa,22
Issa,10
Isse,30
Istar,10
Itta,5
Iuliia,35
Iva,9
Ivalo,6
Ivana,37
Ivanka,21
Ivanna,12
Ivanova,23
Ivanovna,37
Iveta,5
Ivi,7
Ivie,10
Ivonne,14
Ivy,49
Iwona,12
Iza,16
Izabel,24
Izabela,21
Izabell,13
Izabella,80
Izabelle,29
Izel,7
Jaada,8
Jaael,13
Jaana,22949
Jaane,6
Jaanet,5
Jaanika,45
Jaava,5
Jabbar,14
Jaber,20
Jacinda,11
Jacinta,10
Jacoba,12
Jacobina,7
Jacobine,6
Jacqueline,95
Jada,61
Jade,2241
Jadele,13
Jadelia,13
Jadeliina,23
Jadelin,7
Jadelina,15
Jadella,7
Jadelle,9
Jadelmiina,6
Jadena,6
Jadessa,382
Jadette,13
Jadwiga,16
Jae,5
Jael,46
Jahan,11
Jaina,9
Jaklin,5
Jakobina,5
Jakovlevna,6
Jalal,9
Jalina,7
Jalmiina,26
Jalmina,5
Jalna,11
Jama,70
Jamal,37
Jamelia,18
James,14
Jamie,24
Jamila,77
Jamilah,5
Jamile,6
Jamilia,8
Jamilla,26
Jamina,94
Jamira,5
Jan,8
Jana,216
Janda,7
Jane,650
Janea,6
Janel,5
Janelia,5
Janella,59
Janelle,30
Janessa,152
Janet,284
Janeta,14
Janete,6
Janeth,10
Janett,11
Janetta,100
Janette,2837
Jania,7
Janica,1210
Janice,47
Janie,7
Janiela,14
Janiika,48
Janiina,148
Janiitta,9
Janika,3020
Janike,6
Janina,4095
Janine,108
Janira,10
Janisa,5
Janissa,19
Janita,2584
Janitta,30
Janja,8
Janka,15
Janna,1729
Jannah,10
Jannamari,7
Jannat,11
Janneke,5
Janni,915
Jannica,286
Jannice,10
Jannie,9
Janniina,297
Jannika,591
Jannike,66
Jannina,149
Jaqueline,16
Jara,15
Jarina,5
Jarita,34
Jarla,6
Jarmila,14
Jarna,374
Jarona,6
Jaroslava,8
Jasemin,14
Jasim,8
Jasmi,200
Jasmia,7
Jasmiin,30
Jasmiina,1519
Jasmiine,9
Jasmiini,110
Jasmiitta,9
Jasmin,8270
Jasmina,707
Jasmine,1591
Jasminella,6
Jasminka,12
Jasminé,5
Jasmira,7
Jasna,39
Jasper,6
Jassi,9
Jassim,5
Jatta,850
Java,5
Javiera,7
Jawad,6
Jawahir,8
Jay,7
Jaya,5
Jayne,16
Jazmin,12
Jea,7
Jean,105
Jeanett,6
Jeanette,705
Jeanina,5
Jeanine,19
Jeanna,19
Jeanne,74
Jeannette,101
Jeanny,5
Jebet,5
Jedida,9
Jedita,7
Jeela,15
Jeena,35
Jefimia,8
Jehona,9
Jekateriina,22
Jekaterina,181
Jelena,606
Jeli,8
Jelina,38
Jelinda,5
Jelisa,7
Jelissa,10
Jelizaveta,15
Jella,28
Jelmiina,8
Jemena,5
Jemica,5
Jemiina,126
Jemila,10
Jemilia,31
Jemilla,7
Jemima,86
Jemimah,8
Jemina,3250
Jeminna,11
Jemma,7
Jemmi,7
Jen,8
Jena,15
Jeni,43
Jenia,7
Jenica,64
Jenifer,36
Jeniina,13
Jenika,76
Jenilla,13
Jenina,330
Jenisa,9
Jenissa,11
Jenita,173
Jenna,11570
Jennah,5
Jennamari,10
Jennamiia,14
Jennariina,7
Jenne,6
Jenni,18017
Jennica,168
Jennie,286
Jennifer,878
Jenniina,601
Jennika,371
Jennileena,7
Jenniliisa,9
Jennimari,24
Jennimaria,9
Jennina,145
Jenny,5978
Jennyfer,20
Jerena,6
Jerica,13
Jerika,30
Jerina,26
Jerita,14
Jertta,33
Jeruto,5
Jesica,8
Jesmiina,12
Jesmina,16
Jessa,7
Jesse,6
Jessi,324
Jessica,5016
Jessie,33
Jessiina,72
Jessika,848
Jessina,66
Jessy,5
Jesus,5
Jeta,5
Jetta,112
Jette,13
Jeudokia,7
Jeva,5
Jevgenia,28
Jevgenija,9
Jevgenjevna,7
Jewel,7
Jia,23
Jiali,5
Jian,6
Jiang,6
Jianna,5
Jiao,5
Jie,11
Jiia,21
Jiina,32
Jila,11
Jill,91
Jilla,17
Jillian,13
Jimena,17
Jin,24
Jina,23
Jinan,8
Jing,31
Jingjing,6
Jinka,22
Jinna,51
Jinni,6
Jippu,17
Jitta,14
Jiyan,6
Jo,19
Joa,21
Joan,100
Joana,54
Joaniina,5
Joanina,6
Joanita,6
Joann,11
Joanna,3312
Joanne,80
Joanniina,6
Jocelyn,17
Jodie,9
Jody,6
Joela,20
Joeliina,11
Joella,20
Joenna,11
Johan,8
Johana,10
Johanna,112472
Johanne,50
Johannes,16
Jola,7
Jolana,16
Jolanda,282
Jolanna,5
Jolanta,16
Jolene,15
Jolie,30
Jolin,11
Jolina,20
Joline,41
Jona,12
Jonetta,5
Jonina,28
Jonita,8
Jonna,9238
Jonnamari,7
Jooa,9
Joosefiina,14
Jordan,12
Jorunn,9
Josanna,10
Jose,7
Josefa,14
Josefia,42
Josefiia,21
Josefiina,8240
Josefin,743
Josefina,3433
Josefine,698
Joselin,7
Joseph,20
Josephina,27
Josephine,356
Josetta,35
Josette,27
Josiane,5
Josie,15
Joséphine,28
Jouki,11
Jouna,6
Jovana,8
Jovanka,5
Jovita,5
Joy,182
Joyce,62
Joëlle,6
Juan,17
Juana,15
Juanita,68
Judi,10
Judit,209
Judita,5
Judith,277
Judy,22
Juhani,14
Juhanna,6
Julanda,17
Juli,68
Julia,21576
Juliaana,889
Julian,10
Juliana,862
Juliane,21
Juliann,6
Julianna,853
Julianne,87
Julie,255
Julienna,15
Julienne,17
Juliet,239
Julieta,13
Julieth,5
Julietta,91
Juliette,197
Juliina,7
Julija,50
Julina,94
Juline,6
Juliska,13
Julita,16
Julitta,13
Julius,8
Juljaana,6
July,5
Jumana,8
Jun,18
June,74
Juni,132
Junia,58
Junie,11
Juniper,11
Junita,10
Juno,35
Jurevna,5
Jurievna,7
Jurjevna,28
Jusra,8
Justiina,1355
Justina,91
Justine,22
Justyna,11
Juta,6
Jutta,2802
Juudit,84
Juuli,1182
Juulia,6443
Juulianna,64
Juulie,6
Juulietta,5
Juuliska,12
Juuni,17
Juunia,10
Jwan,9
Jytte,13
Júlia,22
Ka,19
Kaaren,13
Kaari,83
Kaariina,22
Kaarin,1189
Kaarina,98629
Kaarna,26
Kaddy,9
Kadhim,8
Kadi,16
Kadija,6
Kadir,8
Kadiye,6
Kadra,7
Kadri,21
Kadriye,8
Kai,23
Kaia,19
Kaidi,7
Kaie,6
Kaiho,39
Kaija,13992
Kaijaleena,12
Kaijeli,8
Kaiju,52
Kaika,15
Kaila,14
Kaili,12
Kaino,674
Kaire,12
Kairi,14
Kairit,6
Kaisa,19709
Kaisaleena,24
Kaisaliisa,10
Kaisamaija,10
Kaisamari,21
Kaisamaria,18
Kaisi,33
Kaisla,1679
Kaislakerttu,8
Kaisli,65
Kaisu,4085
Kaitlin,13
Kaitlyn,19
Kaja,30
Kajal,6
Kajsa,332
Kalaf,5
Kalif,5
Kalina,8
Kalinka,11
Kalla,33
Kalpana,6
Kaltrina,15
Kaltun,6
Kamal,16
Kamala,5
Kamel,11
Kami,6
Kamil,13
Kamila,37
Kamile,5
Kamilia,8
Kamilla,400
Kamomilla,72
Kaneli,162
Kanerva,1347
Kani,6
Kaniz,5
Kanjana,7
Kanokwan,7
Kanon,5
Kanya,5
Kaori,10
Kara,34
Kardelen,7
Kareem,8
Karela,13
Karelia,292
Karen,238
Karena,6
Kareniina,10
Karenina,59
Karetta,6
Kari,9
Kariina,71
Kariitta,29
Karim,12
Karima,43
Karin,3621
Karina,525
Karine,27
Karinka,7
Karissa,22
Karita,2490
Karitta,19
Karla,444
Karli,5
Karliina,12
Karlotta,23
Karlotte,6
Karma,13
Karmel,5
Karmela,7
Karmen,24
Karo,21
Karola,269
Karoliina,30441
Karoliine,7
Karolin,49
Karolina,1795
Karoline,93
Karpalo,42
Karrar,5
Karuliina,6
Karuna,8
Kasandra,20
Kasimiira,10
Kasmiira,12
Kasmira,29
Kasper,6
Kasperiina,12
Kaspia,5
Kassandra,31
Kassim,5
Kastanja,160
Kaste,20
Kastehelmi,750
Kata,155
Kataja,12
Kataliina,10
Katalin,41
Katalina,5
Katariina,47886
Katariine,5
Katarin,7
Katarina,5574
Katarine,66
Katarzyna,43
Kate,126
Katelyn,10
Kateriina,60
Katerina,214
Katerine,12
Kateryna,19
Katharina,386
Katharine,35
Katherin,6
Katherina,24
Katherine,171
Kathleen,95
Kathrin,31
Kathrina,16
Kathrine,27
Kathryn,37
Kathy,31
Kati,11057
Katia,72
Katianna,12
Katie,42
Katiina,7
Katina,18
Katinka,202
Katja,17092
Katjaana,106
Katjana,11
Katju,48
Katjusa,10
Katjusha,13
Katjuska,41
Katla,5
Katleena,19
Katlin,5
Katre,6
Katri,14703
Katrianna,20
Katriina,20918
Katriine,11
Katrin,389
Katrina,869
Katrine,150
Katriona,6
Katve,7
Katy,33
Katya,35
Kauni,6
Kaunokki,5
Kaur,126
Kausar,12
Kauthar,5
Kavita,10
Kawa,6
Kawsar,16
Kawthar,11
Kay,48
Kaya,18
Kayla,47
Kayleigh,5
Kazhal,6
Kea,42
Kecia,5
Keea,9
Keesia,14
Kehatan,6
Keijo,5
Keiju,108
Keijukka,47
Keiko,6
Keira,24
Keisha,6
Kelli,6
Kelly,63
Kelsey,5
Kendi,6
Kendra,26
Kenny,7
Kenza,18
Keren,22
Kerensa,7
Keri,5
Kerim,5
Kerli,21
Kerry,6
Kersti,72
Kerstin,1653
Kerttu,12419
Kerttuli,894
Kerttuliisa,5
Kertu,5
Kesia,47
Kesä,5
Kesäheinä,28
Kesätuuli,6
Keth,14
Ketlin,7
Ketsia,14
Kevät,25
Kevättuuli,5
Keyf,6
Kezia,12
Keziah,5
Kha,11
Khaali,6
Khadar,20
Khadidja,7
Khadiija,6
Khadija,112
Khadijah,14
Khadijeh,6
Khadijo,12
Khadra,56
Khadro,12
Khaled,25
Khalid,32
Khalida,6
Khalif,20
Khalil,14
Khanh,28
Khatera,8
Khava,6
Khawla,9
Kheda,7
Khin,6
Khira,6
Kia,1682
Kiana,91
Kianna,21
Kiara,142
Kida,6
Kide,16
Kielo,787
Kien,6
Kiera,6
Kieu,33
Kifah,5
Kiia,2593
Kiida,9
Kiira,1478
Kiisa,37
Kika,5
Kiki,28
Kikka,62
Killa,6
Kim,258
Kimberley,8
Kimberly,39
Kimete,13
Kimia,5
Kinga,19
Kiona,5
Kira,1017
Kiran,10
Kiri,7
Kiriaki,5
Kirke,18
Kirre,6
Kirsi,21754
Kirsikka,1120
Kirsimari,10
Kirsimaria,26
Kirsimarja,95
Kirsten,75
Kirsti,15886
Kirstie,6
Kirstiina,18
Kirstin,12
Kirstine,7
Kirta,39
Kismet,7
Kisse,5
Kisu,8
Kit,8
Kita,6
Kiti,203
Kitri,5
Kitta,59
Kitte,37
Kitti,13
Kitty,123
Kiuru,22
Kjerstin,14
Klaara,301
Klara,325
Klarissa,17
Klaudia,392
Klavdia,8
Klea,11
Kleopatra,6
Klára,5
Kobra,8
Konkordia,8
Konstance,6
Konstantia,9
Konstantina,18
Konstantinovna,9
Kornelia,6
Koru,5
Kosar,6
Koskinen,6
Kosovare,9
Kotivalo,23
Kowsar,11
Koyuki,5
Kreeta,401
Kreetta,485
Krenare,12
Kreta,17
Kris,5
Krishna,5
Kriska,5
Krispiina,6
Krispina,10
Krisse,38
Krista,6587
Kristabel,5
Kristal,16
Kristalli,5
Kristel,225
Kristell,7
Kristella,66
Kristelle,12
Kristen,49
Kristi,26
Kristian,31
Kristiana,17
Kristianna,14
Kristiin,14
Kristiina,75079
Kristiine,35
Kristin,379
Kristina,11939
Kristine,522
Kristy,12
Krisztina,20
Krystal,8
Krystyna,22
Ksenia,276
Kseniia,13
Ksenija,40
Ksenja,18
Ku,7
Kuisma,6
Kukka,726
Kukkamaaria,51
Kukkamaria,7
Kulta,18
Kultakukka,5
Kumari,26
Kunilla,6
Kurdistan,6
Kustaava,382
Kustava,7
Kuu,42
Kuunsäde,10
Kuura,72
Kuutamo,5
Kuutar,24
Kyla,6
Kylie,14
Kyllevi,5
Kylli,65
Kyllikki,36280
Kyra,20
Kyynel,7
Käpy,8
Kärt,6
Käte,8
Käthe,53
Kätlin,19
Kübra,17
Külli,8
Küllike,5
La,19
Laara,7
Lada,14
Ladan,9
Ladina,5
Laelia,9
Laetitia,17
Lahja,4339
Lai,12
Laia,26
Laija,5
Laila,4304
Laili,5
Laimi,299
Laina,1597
Laine,70
Laini,14
Laisa,5
Lakshmi,13
Lala,11
Lalana,5
Lale,11
Laleh,12
Lalia,6
Lalita,16
Lalla,13
Lam,21
Lamar,12
Lamia,17
Lamija,7
Lamis,5
Lamores,7
Lan,76
Lana,84
Lane,6
Lang,7
Lani,11
Lano,5
Lanya,7
Lara,543
Larin,13
Larisa,237
Larissa,617
Larysa,14
Latifa,22
Latife,6
Lauha,137
Laulikki,15
Laulu,6
Laura,26848
Lauramaija,6
Laurana,8
Laure,24
Laurea,5
Laurel,15
Laureline,6
Lauren,94
Laurence,7
Laurette,8
Lauria,7
Lauriina,371
Laurina,9
Lava,8
Lavin,14
Lavinia,43
Laxmi,14
Lay,9
Layal,6
Layla,71
Le,78
Lea,12342
Leah,141
Leami,5
Leana,19
Leandra,35
Leanna,73
Leanne,29
Lee,133
Leea,1432
Leela,16
Leelia,14
Leelo,8
Leen,5
Leena,48859
Leenakaisa,17
Leenamaija,23
Leenamari,13
Leenamaria,7
Leenastiina,7
Leene,13
Leeni,408
Leenu,28
Leenukka,5
Leevi,5
Lehtonen,5
Lei,23
Leia,142
Leiah,8
Leida,12
Leigh,31
Leija,64
Leila,11702
Leilani,10
Leili,14
Leimu,6
Leina,13
Leini,11
Leinikki,20
Lejla,34
Lele,5
Lelia,9
Lembi,11
Lemmi,5
Lemmikki,833
Lemmitty,360
Lemoni,5
Lempi,2237
Lena,1737
Lene,74
Leni,242
Lenina,9
Lenita,551
Lenja,7
Lenka,6
Lenna,8
Lenny,11
Lenore,7
Leo,12
Leona,580
Leonarda,5
Leonda,8
Leone,34
Leonella,5
Leoni,11
Leonia,9
Leonida,8
Leonidovna,16
Leonie,77
Leonilla,14
Leonita,12
Leonna,21
Leonoora,28
Leonor,25
Leonora,259
Leonore,52
Leontina,10
Leontine,35
Leora,5
Ler,9
Lesley,7
Leslie,20
Leticia,31
Letitia,5
Letizia,10
Levina,15
Lewis,6
Lexi,6
Lexie,7
Leya,11
Leyla,129
Leylo,7
Li,203
Lia,339
Liah,9
Lian,16
Liana,213
Liane,10
Liang,7
Lianna,78
Lianne,7
Liban,31
Liberty,6
Lida,42
Lidia,466
Lidija,25
Lidiya,7
Lie,7
Lieko,5
Liel,9
Lien,37
Liena,6
Liese,6
Liesel,6
Lieselotte,9
Lieu,10
Ligia,5
Lii,23
Liia,304
Liibaan,5
Liida,92
Liidia,66
Liila,45
Liili,5
Liilia,33
Liin,7
Liina,1982
Liinalotta,7
Liinamari,5
Liinamaria,8
Liine,25
Liini,14
Liinu,497
Liis,19
Liisa,68631
Liisalotta,5
Liisamaija,23
Liisamari,13
Liisamaria,16
Liise,21
Liisi,1178
Liisu,56
Liisukka,20
Liivia,35
Lija,15
Lijana,5
Likka,5
Lil,6
Lila,878
Lilah,7
Lili,542
Lilia,981
Lilian,2077
Liliana,165
Liliane,32
Liliann,18
Lilianna,83
Lilianne,9
Lilibeth,9
Lilie,6
Lilien,7
Liliia,12
Lilija,35
Lilith,33
Liliya,23
Lilja,7723
Liljaana,19
Liljan,18
Liljana,6
Liljen,11
Lilka,7
Lill,24
Lilla,56
Lillan,12
Lille,8
Lillebil,7
Lillemor,286
Lillevi,11
Lilli,2173
Lillian,144
Lillie,12
Lillimari,5
Lillukka,7
Lilly,354
Lilo,16
Lilou,7
Liloz,5
Lily,639
Lilya,34
Lilyan,20
Lilyana,10
Limei,6
Limor,7
Lin,59
Lina,1155
Linda,7755
Lindis,9
Lindita,5
Lindiwe,6
Lindsay,12
Lindsey,8
Lindvi,5
Line,98
Linea,127
Linette,21
Ling,42
Linh,117
Linn,630
Linna,5
Linne,149
Linnea,18950
Linneá,6
Linni,6
Linnèa,31
Linnéa,2815
Lintu,7
Linéa,48
Liona,26
Lioubov,59
Lioudmila,118
Lippe,11
Liridona,11
Lirije,13
Lis,28
Lisa,1922
Lisabet,9
Lisabeth,8
Lisandra,12
Lisanna,6
Lisbet,476
Lisbeth,819
Lise,112
Lisel,11
Liseli,5
Liselott,102
Liselotte,88
Lisen,175
Lisett,5
Lisette,164
Lisi,16
Lissa,6
Lisse,9
Lissu,28
Lita,20
Litja,6
Liu,11
Liubov,119
Liudmila,199
Liv,202
Liva,9
Livi,8
Livia,853
Livian,13
Livie,5
Liya,11
Liyana,12
Liz,30
Liza,69
Lizbeth,9
Lizeth,5
Lizette,49
Lizzie,8
Lizzy,5
Ljuba,16
Ljubica,6
Ljubov,99
Ljudmila,174
Ljudmilla,8
Lo,31
Loa,6
Loan,45
Lois,12
Loise,5
Loja,5
Lola,155
Lolan,61
Lolita,45
Lona,10
Lonny,8
Lootus,6
Lora,17
Lore,8
Loredana,9
Lorelei,6
Loreley,5
Loren,10
Lorena,49
Lorenza,5
Loreta,13
Loretta,25
Lorette,6
Lori,13
Lorin,24
Lorina,5
Lorita,6
Lorna,19
Lorraine,22
Lory,8
Los,6
Lotta,11108
Lottaliina,16
Lottamari,6
Lottariina,8
Lottastiina,5
Lotte,276
Lotten,40
Lotti,11
Lottie,5
Lotus,9
Lou,16
Loubna,9
Louhi,16
Louice,22
Louis,13
Louisa,142
Louise,2255
Louisé,6
Louiza,5
Louna,405
Lounatuuli,34
Lourdes,26
Lova,86
Love,29
Loviisa,2908
Lovis,48
Lovisa,1262
Lovise,7
Lowa,20
Lu,17
Lua,8
Luana,29
Luay,7
Luba,6
Lubna,6
Lubov,9
Luca,10
Luci,5
Lucia,741
Luciana,29
Lucianna,5
Lucie,40
Lucienne,13
Lucilla,8
Lucille,17
Lucina,34
Lucinda,28
Lucrezia,6
Lucy,107
Lucía,13
Ludmila,118
Ludmilla,13
Ludovica,5
Luella,7
Luisa,145
Luise,56
Luiza,29
Luka,5
Lukas,6
Lul,11
Luljeta,15
Lulu,125
Lumen,5
Lumena,5
Lumi,4024
Lumia,1272
Lumianna,36
Lumie,6
Lumiel,7
Lumiela,5
Lumiella,21
Lumihelmi,20
Lumika,5
Lumikirsikka,12
Lumikki,396
Lumikukka,123
Lumilia,9
Lumililja,19
Lumilla,39
Lumimaria,7
Lumimarja,32
Lumina,401
Luminea,17
Luminella,5
Luminia,15
Luminita,8
Luminka,17
Lumituuli,24
Lumituulia,5
Lumitähti,8
Lumme,9
Lumnije,13
Lumo,26
Lumpeenkukka,6
Luna,1005
Lunetta,6
Luong,6
Lusia,11
Lusiina,25
Lusina,14
Luul,20
Luula,5
Luule,5
Luz,30
Ly,46
Lya,7
Lycka,8
Lycke,12
Lydi,5
Lydia,2286
Lydmila,38
Lykke,70
Lyn,8
Lynda,9
Lynette,8
Lynn,126
Lynne,28
Lyra,17
Lys,5
Lyubov,8
Lyudmila,10
Lyudmyla,8
Lyydi,203
Lyydia,5191
Lyyli,1575
Lyylia,19
Lyylikki,81
Lyyra,14
Lyyti,294
Léa,27
Léna,7
Léonie,10
Ma,15
Maame,5
Maana,9
Maara,5
Maare,59
Maarea,6
Maareka,8
Maaren,54
Maaret,4313
Maareta,15
Maaretta,52
Maari,164
Maaria,15207
Maarian,5
Maarianna,7
Maarica,5
Maarika,919
Maarikka,16
Maarin,9
Maarina,5
Maarit,57657
Maarita,127
Maaritta,8
Maarja,40
Maaru,15
Maaruska,5
Maayan,6
Mabel,21
Mackenzie,13
Macy,8
Madalena,9
Maddalena,11
Madde,6
Madelaine,50
Madelein,61
Madeleine,1158
Madelen,52
Madelene,135
Madeliina,7
Madelin,6
Madelina,8
Madeline,57
Madelyn,11
Madelén,14
Madeléne,14
Madhu,5
Madicken,41
Madiha,5
Madilta,5
Madina,39
Madita,5
Madleena,38
Madlen,5
Madlena,12
Madli,5
Madonna,25
Mae,92
Maeva,5
Maeve,9
Mafalda,14
Magali,10
Magda,74
Magdaleena,556
Magdalen,9
Magdalena,1235
Magdalene,11
Magdalini,5
Magdolna,8
Magga,12
Maggi,8
Maggie,31
Magna,5
Magnhild,20
Magnolia,11
Magreta,6
Maha,9
Mahabad,6
Mahad,34
Mahamed,166
Mahamud,62
Mahamuud,5
Mahbuba,5
Mahdi,29
Mahdia,5
Maher,9
Mahlet,6
Mahmood,11
Mahmoud,30
Mahmud,6
Mahnaz,20
Mahnoor,6
Mahsa,18
Mahtab,10
Mai,658
Maia,308
Maibrit,7
Maida,47
Maie,18
Maiia,5
Maija,31792
Maijakaisa,9
Maijaleena,24
Maijaliina,5
Maijaliisa,65
Maijariitta,9
Maijastiina,118
Maijastina,16
Maijeli,19
Maiju,4099
Maijukka,12
Maijuleena,5
Maijuli,8
Maika,11
Maike,9
Maiken,6
Maikki,309
Maikku,23
Maila,2981
Maile,9
Maileena,68
Mailen,12
Maili,457
Mailiis,5
Mailiisa,7
Mailikki,13
Mailin,6
Mailis,1220
Maimu,10
Maina,16
Maine,5
Maini,296
Mainikki,76
Maininki,14
Maira,25
Maire,7549
Mairi,33
Mairit,40
Maisa,1836
Maise,8
Maisi,10
Maisie,15
Maissi,43
Maisu,13
Maivor,12
Maiza,5
Maj,715
Maja,432
Majbritt,36
Majda,8
Majen,5
Majgret,8
Majida,7
Majken,35
Majlen,39
Majlinda,10
Majlis,233
Majok,6
Majvi,6
Majvor,127
Makeda,6
Makena,6
Makka,7
Mako,9
Makreeta,13
Mala,5
Malaika,37
Malak,63
Malalai,6
Malanja,7
Malee,5
Maleena,78
Malena,246
Malene,15
Malgorzata,43
Mali,16
Malia,15
Maliha,12
Maliina,24
Maliisa,5
Malika,54
Malin,1190
Malina,42
Malinda,9
Malisa,9
Malka,6
Malla,762
Malle,25
Mallu,13
Malmi,5
Malou,45
Malva,168
Malviina,293
Malvina,65
Malwa,5
Malyun,5
Malyuun,6
Mame,7
Mamie,6
Mamta,5
Man,22
Mana,8
Manaal,10
Manal,23
Manar,18
Manda,111
Mandana,20
Mandeep,6
Mandelina,9
Mandi,421
Mandy,40
Manel,5
Manha,11
Manijeh,5
Manja,56
Manjaana,8
Manju,5
Manna,98
Manon,11
Mansi,13
Mansikka,27
Manta,222
Manteli,39
Manti,11
Manuela,132
Manuella,10
Mar,20
Mara,18
Maral,15
Maram,11
Marcela,41
Marcelina,5
Marcella,46
Marcelle,18
Marcia,12
Mardy,5
Mare,47
Marea,5
Maree,22
Mareena,125
Mareike,6
Marella,33
Marelle,5
Maren,69
Marena,87
Maret,85
Maretta,26
Marette,7
Marfa,17
Marga,16
Margalit,14
Margareeta,846
Margareetta,930
Margaret,479
Margareta,11011
Margarete,60
Margareth,94
Margaretha,2209
Margarethe,79
Margaretta,34
Margarida,5
Margariitta,7
Margarita,408
Margaux,8
Marge,41
Margerita,15
Marget,44
Margeta,12
Margetta,314
Margherita,37
Marghita,15
Margie,6
Margiitta,5
Margit,8977
Margita,433
Margite,5
Margith,5
Margitha,36
Margitta,92
Margo,9
Margot,235
Margret,31
Margrete,10
Margrethe,17
Marguerita,12
Marguerite,103
Marguerithe,7
Margurite,14
Mari,24424
Maria,199618
Maria/Maija,5
Mariaana,452
Mariah,44
Mariam,428
Mariama,59
Marian,620
Mariana,570
Mariane,8
Mariann,387
Marianna,3892
Marianne,21575
Marianneli,6
Marianni,6
Marianthi,5
Mariatta,57
Maribel,28
Maribella,7
Marica,397
Marice,13
Maricel,10
Maricka,7
Marida,12
Marie,6413
Marieela,9
Marieke,11
Mariel,651
Mariela,382
Mariell,20
Mariella,1062
Marielle,138
Mariem,14
Marienna,10
Mariet,28
Marieta,9
Marietta,278
Mariette,167
Mariga,8
Marigona,16
Marii,17
Mariia,1729
Mariie,8
Mariija,22
Mariika,16
Mariikka,57
Mariina,283
Mariisa,15
Mariita,108
Mariitta,1404
Marija,195
Marijaana,23
Marijana,5
Marijanne,9
Marijke,6
Marika,26562
Marikaisa,8
Marike,35
Marikka,153
Marikki,491
Mariko,48
Marileena,16
Marilena,9
Marili,8
Marilia,8
Mariliina,33
Mariliis,7
Mariliisa,12
Marilin,10
Marilla,155
Marilou,8
Marilyn,63
Marina,3954
Marinda,6
Marine,58
Marinella,76
Marinetta,6
Marinette,10
Marinja,7
Marinka,163
Marinna,16
Mario,15
Mariola,8
Marion,270
Maris,23
Marisa,315
Marisanna,29
Marisha,5
Mariska,21
Marisol,25
Marissa,472
Marit,560
Marita,23636
Marite,6
Marites,7
Marith,6
Maritha,13
Maritiina,5
Maritsa,65
Maritta,10266
Maritza,114
Marivic,5
Mariya,34
Mariyam,5
Mariza,47
Marié,21
Marja,44696
Marjaana,19659
Marjakaisa,5
Marjale,25
Marjalee,5
Marjaleena,200
Marjaliina,7
Marjaliisa,149
Marjam,25
Marjama,6
Marjami,6
Marjan,22
Marjana,66
Marjanna,108
Marjanne,411
Marjariitta,32
Marjaterttu,48
Marjatta,88822
Marje,87
Marjel,6
Marjeli,25
Marjella,6
Marjet,8
Marjeta,7
Marjetta,134
Marjette,6
Marjo,11696
Marjokaisa,7
Marjorie,54
Marjoriikka,9
Marjoriina,10
Marjoriitta,39
Marjorita,5
Marjot,5
Marju,661
Marjue,7
Marjukka,6648
Marjuli,9
Marjus,7
Marjuska,38
Marjut,13505
Marjutta,9
Markareeta,18
Markareetta,51
Marke,296
Market,26
Marketta,19618
Markit,176
Markita,8
Markitta,35
Marla,53
Marle,36
Marleen,38
Marleena,1628
Marleene,33
Marlen,121
Marlena,129
Marlene,936
Marley,8
Marlies,5
Marliina,9
Marliisa,7
Marlina,6
Marlis,7
Marlène,5
Marlén,41
Marléne,76
Marna,5
Marquerite,5
Marques,6
Marru,8
Marry,7
Marsa,31
Marsha,5
Marta,220
Marte,5
Martha,269
Marthe,9
Martiina,60
Martina,1406
Martine,37
Martta,7238
Marttiina,146
Marttina,11
Martyna,8
Maru,15
Marua,9
Maruna,5
Marus,15
Marusa,5
Marusja,26
Maruska,14
Marutsella,8
Marutzella,24
Maruzella,20
Marva,5
Marwa,78
Mary,769
Marya,18
Maryam,283
Maryama,60
Maryan,82
Maryann,16
Maryanne,25
Maryelle,5
Maryna,20
Marzia,17
Marzieh,12
Marén,5
María,68
Masooma,5
Masoumeh,17
Masume,5
Mataleena,82
Mateli,5
Mathea,7
Mathilda,1125
Mathilde,114
Matias,9
Matilda,20138
Matilde,76
Matilta,9
Matja,13
Matleena,3469
Matlena,44
Matrona,7
Matroona,14
Mattea,6
Matti,6
Mattiina,10
Mau,5
Maud,128
Maude,6
Maura,104
Maureen,22
Mauriitta,5
Maurita,10
Mavis,7
Mawada,6
Maxamed,7
Maxima,17
Maxine,56
May,470
Maya,787
Mayah,5
Mayan,7
Mayar,7
Maymun,5
Maynie,5
Mayow,6
Maysa,11
Mayuree,5
Mayvor,29
Mayya,10
Mazin,6
Maïa,5
Mea,1306
Meanna,5
Mechthild,6
Medea,9
Medeia,6
Mediha,6
Medina,65
Medine,9
Mee,6
Meea,832
Meela,16
Meeli,12
Meelia,5
Meelika,7
Meemi,19
Meena,42
Meera,11
Meeri,4685
Meeria,7
Meerika,13
Meerit,68
Meetta,7
Meg,15
Megan,54
Megumi,5
Meh,91
Mehri,9
Mehtap,9
Mei,196
Meia,8
Meija,78
Meiju,477
Meike,7
Meili,10
Meiling,8
Meimei,7
Meimi,257
Meini,23
Meira,96
Meirami,10
Meiri,8
Meisa,7
Meital,7
Meja,88
Mekki,6
Melak,12
Melani,17
Melania,16
Melanie,259
Melany,6
Melda,6
Melek,101
Melena,6
Meli,14
Melia,51
Melian,20
Melica,14
Melicia,5
Melida,42
Meliha,19
Meliida,11
Meliina,82
Meliisa,13
Melika,28
Melike,38
Melina,1915
Melinda,779
Meline,6
Melis,54
Melisa,351
Melise,29
Melissa,2150
Melisse,13
Melita,67
Melitta,14
Meliza,5
Mella,82
Mellida,5
Melodi,21
Melodia,39
Melodie,7
Melody,87
Meltem,10
Memma,5
Memmu,8
Mena,13
Meng,6
Menina,7
Menja,10
Menna,60
Menni,141
Meral,14
Mercedes,211
Mercedez,7
Mercy,11
Mere,8
Meredith,16
Merelle,15
Merena,16
Merenna,5
Meret,8
Mereta,23
Merete,109
Merethe,13
Meretta,9
Merette,41
Mergime,7
Meri,4839
Meria,18
Meriam,24
Merianna,19
Merianne,7
Meribel,7
Merica,10
Merida,13
Meriel,29
Meriella,12
Merielle,5
Meriem,28
Merihelmi,32
Meriia,5
Meriina,13
Meriitta,18
Merika,150
Merikaisla,6
Merike,183
Merikki,20
Merikukka,33
Merili,19
Merilii,6
Merilin,22
Merilla,31
Merilyn,5
Merima,12
Merimaija,5
Merina,85
Merinna,7
Merisa,11
Merissa,10
Merit,91
Merita,717
Merite,8
Meritta,65
Merituuli,362
Merituulia,67
Meritähti,9
Merja,20988
Merjam,6
Merje,6
Merjem,13
Merjo,8
Merla,9
Merle,58
Merli,10
Merliina,11
Merlin,7
Merlina,6
Merna,5
Meron,9
Merri,9
Mertsi,5
Mertta,36
Merva,18
Merve,40
Mervi,9796
Mery,12
Meryam,11
Meryem,74
Meseret,7
Mesi,53
Mesimarja,21
Meskerem,5
Meta,20
Metsäkukka,6
Metsälintu,6
Metsätähti,28
Metta,56
Mette,1775
Metti,55
Mettiina,6
Mevlude,6
Meya,30
Mi,77
Mia,7880
Miamari,7
Miamaria,5
Miana,18
Mianda,5
Mianna,120
Miao,8
Mica,5
Micaela,817
Micella,6
Micelle,5
Michael,12
Michaela,1036
Michal,14
Michalina,6
Michaëla,5
Michel,8
Michela,28
Michele,48
Michell,12
Michella,11
Michelle,794
Michiko,5
Michèle,11
Michéle,9
Mickaela,5
Mida,7
Midenette,9
Midia,5
Midori,11
Mielikki,358
Mielo,15
Mihaela,25
Mihailovna,24
Mihane,8
Mii,21
Miia,9687
Miiamari,6
Miiamaria,5
Miida,89
Miija,41
Miiju,8
Miila,311
Miili,87
Miilia,62
Miima,12
Miimi,11
Miimu,7
Miina,1728
Miinu,19
Miira,373
Miiru,7
Miisa,1544
Miisu,8
Miita,18
Miitja,5
Miitta,151
Miitu,21
Miiu,23
Mija,16
Mika,17
Mikaeela,15
Mikael,41
Mikaela,6206
Mikaella,20
Mikayla,10
Mikaéla,9
Miki,12
Mikki,7
Mila,2968
Milada,14
Milagros,8
Milaja,193
Milan,7
Milana,583
Milanda,5
Milanja,7
Milanna,11
Milarka,6
Milaya,20
Milda,143
Mildred,78
Mildrid,56
Milea,77
Mileah,6
Mileena,15
Milena,972
Milene,13
Milga,16
Mili,55
Milia,58
Miliana,14
Milica,12
Milina,21
Milisa,6
Militsa,25
Militza,15
Miliza,16
Milja,5725
Miljaana,66
Miljamaria,5
Milka,1060
Milkka,5
Milla,10019
Millamaari,7
Millamari,20
Millamaria,18
Millan,5
Millariina,9
Mille,7
Milli,108
Millicent,11
Millie,35
Milly,12
Milma,211
Milo,12
Milona,19
Milou,27
Milse,7
Milsina,8
Milta,5
Milva,11
Milvi,18
Miléa,5
Mima,8
Mimi,204
Mimia,7
Mimma,33
Mimmi,1000
Mimmu,56
Mimosa,2154
Mimoza,32
Min,23
Mina,189
Minca,14
Minda,94
Mindi,75
Mindy,50
Mine,13
Minea,4065
Minela,9
Minella,96
Minelle,12
Minerva,778
Minessa,86
Minetta,19
Minette,79
Ming,23
Minh,96
Mini,9
Minire,6
Minja,1927
Minka,840
Minna,29660
Minnakaisa,9
Minnaleena,11
Minnaliisa,35
Minnamaija,11
Minnamari,92
Minnamaria,26
Minnami,14
Minnariikka,8
Minnariitta,6
Minne,43
Minnea,286
Minni,787
Minnie,41
Minniina,7
Minnéa,10
Minonna,5
Minou,10
Minta,36
Mintti,5
Minttu,4708
Minttumaari,7
Minttumaaria,17
Minttumaria,8
Mintunkukka,6
Minya,11
Minéa,61
Mio,20
Miona,99
Mira,7696
Mirabel,10
Mirabella,51
Mirabelle,11
Miracle,9
Miradije,5
Miraella,6
Mirah,7
Miral,9
Miralda,10
Mirana,17
Miranda,1090
Miranja,6
Miranna,90
Miray,16
Mirca,15
Mire,9
Mirei,5
Mireia,11
Mireille,35
Mireka,15
Mirel,11
Mirela,36
Mirell,10
Mirella,1734
Mirelle,105
Mirena,14
Mirenna,5
Miret,7
Mireta,6
Miretta,32
Mirette,154
Mireya,6
Mirha,5
Miri,13
Miria,17
Miriam,925
Miriami,5
Mirian,7
Miriel,9
Mirigli,34
Miriikka,9
Mirika,11
Mirikli,120
Mirina,13
Mirinda,5
Mirita,10
Miritza,11
Mirja,15505
Mirjaana,24
Mirjaleena,5
Mirjaliisa,14
Mirjam,10276
Mirjami,16433
Mirjana,17
Mirje,6
Mirjeta,6
Mirka,2485
Mirke,11
Mirkka,733
Mirkku,81
Mirlinda,10
Mirna,17
Miro,10
Miroslava,22
Mirra,7
Mirsada,7
Mirta,11
Mirtta,7
Mirva,3206
Mirve,18
Mirvete,6
Miryam,20
Mirza,5
Misa,61
Mischa,7
Misella,17
Miselle,10
Misha,6
Mishel,5
Miska,57
Miski,15
Misla,8
Mita,7
Mitja,18
Mitra,90
Mitzi,7
Miu,8
Miya,14
Miyuki,5
Mizgin,5
Mo,15
Moa,416
Moalim,7
Moana,13
Mobina,6
Modupe,5
Moe,19
Mohamad,16
Mohamed,941
Mohammad,50
Mohammed,159
Mohamoud,15
Mohamud,163
Mohamuud,11
Mohd,7
Mohsen,9
Mohsin,5
Mohyidin,5
Moira,26
Mojgan,10
Molla,35
Molli,6
Mollie,15
Molly,241
Momo,6
Mon,5
Mona,2422
Monalisa,12
Mong,8
Monia,19
Monica,2950
Monika,1904
Monique,46
Monir,5
Monira,6
Monita,8
Monja,13
Monna,119
Montaha,5
Montserrat,9
Moo,8
Mooa,6
Moon,7
Moona,1833
Mooni,6
Moonica,8
Moonika,143
Mopelola,5
Morag,6
Morena,5
Morgan,20
Morgana,9
Morgane,5
Moriah,5
Morsal,10
Mouna,6
Mousa,5
Mozhgan,5
Mu,8
Mubarak,7
Mugure,5
Muhamed,19
Muhammad,10
Muhammed,11
Muhiadin,15
Muhidin,7
Muhudiin,5
Muhudin,6
Muhumed,18
Mui,12
Muisto,86
Mukhtar,16
Muktar,11
Mulki,19
Mumbi,9
Mumin,18
Mumtaaz,7
Mumtaz,14
Muna,30
Muniira,22
Munira,31
Muno,9
Muntaha,12
Muoi,6
Muriel,17
Mursal,13
Muru,47
Musa,10
Musamad,5
Muse,17
Mushtak,10
Mushtaq,7
Muska,26
Muslim,8
Musse,27
Mustaf,12
Mustafa,39
Mustikka,31
Muthoni,23
Muusa,70
Muuse,9
My,537
Mya,19
Mymmeli,5
Myra,24
Myriam,27
Myrna,23
Myrsky,39
Myrtel,10
Myrtle,8
Myrtti,7
Myry,5
Mysi,23
Myy,259
Mággá,5
Máret,10
Mária,31
Márta,14
Märit,11
Märta,521
Märtha,180
Märtta,6
Mélanie,17
Mélissa,9
Mélodie,6
Mónika,7
Münevver,5
Na,8
Naa,9
Naajeh,5
Naana,25
Naava,11
Nabeela,5
Nabiha,5
Nabil,5
Nabila,27
Nada,96
Nadejda,106
Nadeschda,22
Nadeshda,8
Nadezda,214
Nadezhda,70
Nadia,316
Nadin,13
Nadina,13
Nadine,134
Nadira,15
Nadire,6
Nadiya,17
Nadja,929
Nadou,5
Nadra,12
Nadya,22
Nael,5
Naema,19
Naemi,36
Nafisa,21
Nafiso,10
Nagham,8
Naheed,6
Nahid,24
Nahida,11
Nahla,10
Naiima,6
Naiimo,6
Naila,9
Naile,10
Naima,73
Naime,6
Naimi,55
Naimo,23
Naja,8
Najah,14
Najat,9
Naji,5
Najiba,6
Najla,8
Najlaa,5
Najma,60
Najmo,34
Najwa,9
Nala,16
Nam,9
Namfon,6
Nami,7
Namir,7
Namthip,5
Nan,39
Nana,439
Nanami,7
Nancy,259
Nanda,10
Nandini,5
Nanet,5
Nanetta,5
Nanette,126
Nani,24
Nanika,7
Nanja,25
Nanna,1034
Nanne,98
Nanni,194
Nannu,7
Nanny,105
Nanu,8
Nao,5
Naomi,370
Naomie,6
Nara,5
Narges,28
Nargis,13
Narin,24
Narmin,7
Naseer,8
Naser,5
Nashaad,7
Nashmil,6
Nasib,5
Nasim,9
Nasir,5
Nasra,43
Nasriin,7
Nasrin,39
Nasro,37
Nassir,6
Nastaran,7
Nastasia,9
Nastasja,6
Nasteeho,13
Nasteho,27
Nasti,44
Nastja,7
Nata,23
Natacha,34
Natali,92
Natalia,2816
Natalie,1021
Nataliia,27
Nataliina,12
Natalija,35
Natalina,11
Nataliya,39
Natalja,132
Natallia,10
Nataly,12
Natalya,23
Natasa,31
Natascha,44
Natasha,309
Natashia,5
Natashja,5
Natasia,34
Natasja,21
Nathali,13
Nathalia,62
Nathalie,731
Nathalié,5
Natja,37
Natta,19
Nava,7
Naw,6
Nawaal,21
Nawal,36
Nawar,5
Naxhije,5
Nay,6
Naya,8
Nayla,5
Naz,24
Nazanin,22
Nazdar,5
Nazia,8
Nazife,7
Nazime,6
Nazira,5
Nazli,11
Nazmije,5
Ndey,7
Ndeye,5
Ndidi,6
Nea,7353
Neah,19
Neda,40
Neea,3423
Neela,1103
Neele,16
Neeli,7
Neelia,180
Neema,20
Neemi,8
Neena,34
Neera,31
Neeta,16
Neetta,12
Nefeli,13
Nefer,5
Nefertiti,10
Negar,8
Negin,19
Neha,10
Nehir,11
Neida,5
Neija,23
Neila,24
Neili,13
Neilikka,52
Neira,5
Nejla,10
Nela,14
Nele,26
Nelea,5
Neli,12
Nelia,61
Nell,8
Nella,3708
Nelle,78
Nelli,4280
Nellia,5
Nellie,172
Nelliina,18
Nellinoora,22
Nelly,888
Nelma,137
Nelmi,17
Nelmiina,5
Nemi,80
Nemo,5
Nena,15
Nene,13
Neneh,9
Nenita,5
Nenja,10
Nenna,385
Nenne,39
Nenni,9
Neo,7
Neomi,7
Neonilla,37
Nera,6
Nerea,19
Nergis,9
Neri,18
Neria,5
Nerina,10
Nerissa,20
Nermin,20
Nermina,10
Nesa,6
Neslihan,10
Nesrin,21
Nesrine,7
Nessa,101
Nessi,10
Neta,22
Netta,2564
Nette,291
Nettie,5
Neva,17
Neve,71
Nevena,6
Nevia,8
Nevin,7
Nexhmije,7
Nezha,5
Nga,51
Ngan,35
Nghi,6
Ngoc,249
Ngozi,19
Nguyen,39
Nguyet,37
Nha,8
Nhan,9
Nhat,6
Nhi,78
Nhu,59
Nhung,37
Ni,7
Nia,178
Niamh,7
Nian,8
Nica,14
Nicha,6
Nichole,7
Nicita,9
Nicki,6
Nicol,12
Nicola,229
Nicole,893
Nicoleta,16
Nicoletta,38
Nicolette,34
Nicolina,191
Nicoline,32
Nicolé,7
Nida,28
Nieves,11
Nigar,10
Niia,158
Niika,21
Niiki,8
Niina,12435
Niinamari,6
Niini,73
Niisa,5
Niitta,8
Niitty,15
Nika,61
Nike,18
Niki,53
Nikita,145
Nikki,44
Niko,6
Nikol,11
Nikola,34
Nikolaevna,35
Nikolai,5
Nikolajevna,30
Nikole,15
Nikoleta,8
Nikoletta,16
Nikoliina,8
Nikolina,33
Nikoline,6
Nil,5
Nila,39
Nilab,5
Nilda,5
Nilgün,6
Nilla,153
Nilmini,6
Niloofar,5
Niloufar,7
Nima,11
Nimco,30
Nimo,70
Nina,15930
Ninamari,6
Ninamaria,5
Ninel,10
Ninetta,31
Ninette,51
Ning,10
Nini,13
Ninita,5
Ninja,354
Ninka,8
Ninna,266
Ninni,1503
Ninnu,47
Nino,9
Nira,5
Nisa,34
Nisan,5
Nisha,10
Nita,806
Nitta,119
Nittaya,5
Njambi,12
Njeri,28
Njoki,11
Njomza,8
Nkechi,5
Nneka,8
Nnenna,14
Nneoma,5
Noa,60
Noe,5
Noel,23
Noela,11
Noelani,5
Noelia,55
Noella,36
Noelle,121
Noemi,51
Noemie,5
Noga,10
Nohair,5
Nola,10
Nolwenn,5
Nomi,42
Nona,128
Nonna,129
Noomi,532
Noona,232
Noor,104
Noora,11792
Noori,5
Noova,6
Nor,10
Nora,2378
Norah,39
Norea,6
Noreen,5
Noriko,8
Norma,119
Norna,8
Nour,48
Noura,18
Nova,175
Novalie,39
Noémi,11
Noémie,12
Noëlle,13
Nu,9
Nuka,6
Nuna,6
Nunnu,9
Nupel,9
Nuppu,804
Nupur,5
Nur,141
Nura,28
Nuradin,6
Nuran,11
Nuray,9
Nuria,10
Nurije,5
Nuru,6
Nusrat,9
Nuua,6
Nuur,33
Nuura,21
Nuuro,8
Nuutti,6
Nyambura,21
Nyima,5
Nyyrikki,7
Nyyti,34
Néa,26
Nóra,9
Oana,7
Oanh,28
Ocean,5
Oceane,5
Octavia,14
Océane,8
Oda,11
Odelia,49
Odelma,5
Odessa,379
Odetta,6
Odette,93
Odile,5
Odilia,9
Ofelia,152
Ofilia,5
Oihonna,11
Oili,3284
Oilikki,18
Oiti,5
Oivi,81
Oivikki,7
Okariina,8
Oksana,147
Okuliina,7
Ola,7
Olanna,6
Olavi,14
Olegovna,13
Olena,71
Olesia,25
Olesja,22
Olessia,15
Olesya,25
Olga,3916
Olha,5
Oliivia,17
Olimpia,6
Olinda,6
Oline,39
Oliva,7
Olive,23
Oliver,15
Olivia,18970
Oliwia,35
Olja,7
Olka,26
Ololade,6
Olsa,7
Olta,6
Oluchi,10
Oluwakemi,7
Oluwanifemi,5
Oluwasemilore,5
Oluwaseun,5
Oluwatoyin,6
Olympia,11
Oma,74
Omar,178
Omelia,20
Omena,33
Omenankukka,12
Omer,6
Omolara,5
Omolola,10
Omotayo,5
Ona,129
Onerva,5642
Onja,12
Onjukka,6
Onna,40
Onnea,15
Onneli,151
Onnetar,10
Onnia,63
Onniina,5
Onome,5
Onyinye,7
Onyinyechi,7
Oo,8
Ooda,8
Oodi,28
Oona,7951
Oonamaria,6
Oosa,121
Ophelia,20
Opri,97
Ora,8
Oriana,7
Orion,8
Orkidea,8
Orla,15
Ornella,11
Orsolya,9
Orvo,15
Orvokki,32715
Osei,5
Oskari,10
Oskariina,5
Osman,108
Osmi,29
Otava,15
Otavatar,5
Othilia,19
Othman,6
Otilia,24
Otteliaana,48
Otteliana,31
Otteliina,5
Otteljaana,27
Ottiilia,111
Ottilia,578
Ottiliana,15
Ottilie,5
Ottilja,6
Oula,12
Ouna,5
Outa,8
Outi,10186
Outimaria,6
Overgaard,5
Oxana,129
Padma,6
Paige,20
Paiju,8
Paju,120
Palina,6
Palma,6
Paloma,126
Palwasha,6
Pamela,473
Pami,13
Pamina,7
Paméla,5
Panagiota,8
Pandora,10
Panja,8
Paola,129
Paolina,8
Paprika,7
Papu,14
Paraskeva,13
Paraskevi,7
Parichat,7
Parinaz,5
Paris,21
Parisa,26
Parvaneh,8
Parvin,19
Parwin,6
Patience,11
Patrica,12
Patrice,12
Patricia,1821
Patriicia,16
Patrisia,7
Patrizia,22
Patrycja,9
Paula,19631
Paulamaria,5
Pauleena,5
Paulette,42
Pauliina,29930
Pauliine,9
Paulikki,20
Paulin,5
Paulina,1057
Pauline,294
Pavlovna,16
Paw,20
Paz,9
Pearl,21
Peata,5
Peatta,5
Peeta,11
Peetra,6
Pegah,5
Peggy,114
Pei,5
Peija,8
Peikko,7
Pelagea,16
Pelagia,62
Pelin,12
Pella,14
Pellava,17
Peltola,5
Penelope,59
Penina,7
Peninna,9
Penni,67
Penny,24
Pepina,6
Pepita,164
Pepitta,5
Peppi,3104
Peppiina,1055
Peppilotta,48
Peppina,136
Perihan,5
Perla,33
Pernilla,498
Pernille,7
Perpetua,9
Pertta,12
Pervin,6
Peter,13
Petimat,5
Petja,9
Petra,6572
Petranella,16
Petriikka,25
Petriina,435
Petrina,35
Petronela,5
Petronella,296
Petrova,7
Petrovna,21
Petruska,8
Petti,5
Pettiina,23
Pettina,5
Petunia,8
Phailin,5
Pham,11
Phan,7
Phi,9
Philippa,39
Philomena,5
Phoebe,25
Phuc,5
Phung,27
Phuong,171
Phyllis,5
Pi,39
Pia,12344
Pialiisa,6
Piamaria,8
Pian,16
Piatta,30
Piela,22
Pieta,278
Pietta,6
Pihka,19
Pihla,4188
Pihlaja,57
Pii,75
Piia,6953
Piialiisa,7
Piija,17
Piiku,22
Piio,5
Piipa,17
Piipe,5
Piippa,9
Piippo,5
Piirit,5
Piisku,6
Piita,31
Piitu,212
Piiu,19
Pike,14
Piki,5
Pikka,16
Pilar,21
Pilke,13
Pille,18
Piltti,9
Pilvi,1425
Pilvikki,224
Pinar,13
Ping,22
Pinja,5744
Pinka,8
Pioni,21
Pipa,26
Pipariina,16
Piparminttu,13
Piper,5
Pippa,35
Pippi,10
Pippuriina,8
Pipsa,848
Piret,42
Piretta,27
Pirgitta,8
Piri,14
Pirit,6
Pirita,1581
Piritta,2541
Pirja,63
Pirjatta,6
Pirje,12
Pirjetta,238
Pirjo,30035
Pirjoliisa,9
Pirjoriitta,11
Pirke,16
Pirketta,98
Pirki,5
Pirkit,5
Pirkitta,119
Pirkka,13
Pirkko,25509
Pirkkoliisa,20
Piroska,8
Pirpa,16
Pirre,124
Pirta,80
Pirtta,5
Pirve,11
Pisara,9
Pitja,5
Piu,6
Pixie,5
Pola,12
Polina,194
Polly,7
Pomeliina,39
Poppy,32
Pouta,11
Pranee,9
Pranvera,6
Precious,18
Preet,7
Pricella,18
Pricilla,87
Priita,50
Priitta,66
Primrose,5
Princess,33
Princesse,6
Prisca,14
Priscila,10
Priscilla,107
Prisella,8
Prisilla,24
Priska,36
Priskilla,11
Priya,30
Priyanka,9
Pui,9
Puja,6
Pulmu,157
Puolukka,20
Purity,6
Puro,5
Putri,12
Pyry,21
Päivi,33781
Päivikki,9769
Päiviö,9
Päivyt,87
Päivä,18
Päivänkukka,7
Päivänsäde,60
Päivätär,23
Pälvi,155
Pärla,5
Pääsky,6
Qaali,6
Qadra,5
Qamar,21
Qasem,5
Qasim,11
Qendresa,8
Qi,10
Qian,10
Qiao,7
Qin,8
Qing,13
Quan,5
Quang,5
Que,8
Queen,9
Quinn,10
Quyen,21
Quynh,56
Raad,8
Raaho,5
Raakel,2470
Raakeli,112
Raakkel,71
Raakkeli,41
Raama,5
Rabab,13
Rabeh,5
Rabia,35
Rachael,10
Racheal,6
Rachel,224
Rachelle,14
Rachida,13
Rada,10
Radha,10
Radmila,6
Radwa,5
Rae,59
Raed,7
Rafaela,132
Rafaella,14
Raffaela,5
Raffaella,6
Rafif,7
Raghad,5
Ragna,24
Ragnborg,34
Ragne,7
Ragnhild,329
Ragni,152
Ragny,6
Rahaf,12
Rahel,21
Rahil,9
Rahim,8
Rahima,14
Rahime,7
Rahma,65
Rahmah,5
Rahman,11
Rahmo,28
Raho,5
Rai,8
Raia,6
Raida,5
Raihana,6
Raija,22896
Raika,11
Raila,1192
Raile,10
Raili,15279
Railikki,14
Rain,7
Raina,90
Raine,10
Raini,106
Raisa,1500
Raissa,26
Raita,351
Raja,8
Rajana,6
Rakel,1409
Raluca,5
Rama,9
Ramadan,6
Ramina,10
Ramla,35
Ramlo,7
Ramona,606
Ramya,5
Ramzia,5
Ran,6
Rana,42
Rand,8
Randa,19
Randi,9
Ranghild,18
Rani,25
Rania,110
Ranim,7
Ranja,169
Ranya,24
Raphaela,8
Raqia,7
Raquel,38
Rasa,6
Rasha,18
Rashid,33
Rashida,5
Rashmi,5
Ratna,5
Ratree,5
Rattanaporn,5
Rauha,4188
Rauna,116
Raune,11
Rauni,3893
Raunikki,5
Raven,8
Ravinder,5
Rawaa,5
Rawan,14
Ray,8
Raya,11
Rayaan,36
Rayan,34
Rayana,6
Rayne,5
Raz,7
Raza,5
Razan,11
Razia,14
Razieh,5
Razzak,6
Rea,797
Rebeca,32
Rebecca,1453
Rebecka,638
Rebeka,12
Rebekah,25
Rebekka,1973
Ree,5
Reea,222
Reelika,11
Reem,15
Reena,14
Reet,24
Reeta,1912
Reetamari,5
Reetriikka,14
Reetrika,6
Reetta,5446
Regiina,18
Regina,2505
Regine,9
Rehana,5
Rehema,6
Rei,6
Reia,7
Reidun,7
Reija,1820
Reina,35
Reine,72
Reini,8
Reita,11
Rekina,5
Remedios,5
Remi,6
Rena,13
Renata,111
Renate,91
Renatte,5
Rene,19
Renee,61
Reneé,10
Renita,20
Renja,145
Renu,6
Renáta,9
René,10
Renée,73
Repekka,45
Reta,6
Retriika,24
Retriikka,28
Reyhan,10
Rezan,5
Rhea,122
Rhiannon,8
Rhoda,9
Rhonda,13
Ria,615
Riana,15
Rianna,342
Rianne,10
Rica,6
Ricarda,7
Rida,12
Rigmor,113
Rihaam,9
Riham,15
Rihana,6
Rihanna,33
Riia,1034
Riija,13
Riika,412
Riikamari,5
Riikka,13519
Riikkaleena,9
Riikkaliina,7
Riikkaliisa,16
Riikkamari,11
Riikkamaria,6
Riim,18
Riima,5
Riin,5
Riina,5724
Riinaliisa,5
Riinamari,7
Riinu,12
Riita,10
Riitta,39096
Riittakaisa,6
Riittaliisa,25
Riittamaija,8
Riitu,76
Rika,14
Riley,5
Rilla,105
Rim,18
Rima,14
Rimma,39
Rina,174
Rinesa,12
Ringa,120
Rinja,46
Rinka,6
Rinna,107
Riona,15
Ripsa,30
Rispa,12
Rista,12
Risten,22
Ristiina,97
Rita,2066
Riti,8
Ritja,13
Ritu,13
Ritva,32323
Ritvaliisa,19
River,6
Rivka,6
Riya,6
Roberta,49
Robertina,8
Robin,19
Robina,8
Roble,5
Robyn,21
Rochelle,12
Rocio,12
Roda,22
Rode,31
Roine,18
Rojda,5
Rojin,11
Roksana,6
Roma,12
Romana,12
Romi,6
Romina,18
Romy,9
Rona,18
Ronahi,6
Ronak,7
Ronda,20
Rong,6
Roni,9
Ronia,23
Ronit,6
Ronja,5364
Ronya,78
Roo,8
Roona,6
Roosa,7477
Roosaliina,11
Roosamari,36
Roosamaria,26
Roosi,6
Rosa,3203
Rosabel,9
Rosabella,21
Rosali,12
Rosalia,203
Rosalie,163
Rosaliina,265
Rosalin,20
Rosalina,85
Rosalind,9
Rosalinda,71
Rosaline,5
Rosalita,5
Rosalyn,13
Rosamari,11
Rosamaria,38
Rosamarie,8
Rosana,13
Rosanda,6
Rosanna,640
Rosanne,49
Rosaria,6
Rosariina,5
Rosario,23
Rose,642
Roselia,10
Roselin,5
Roseline,7
Rosella,18
Roselyn,7
Rosemari,8
Rosemaria,5
Rosemarie,53
Rosemary,42
Rosetta,17
Rosette,16
Roshild,6
Roshni,5
Rosi,39
Rosida,8
Rosie,24
Rosiina,15
Rosina,107
Rosinda,7
Rosine,8
Rosita,665
Rositta,7
Rosmari,22
Rosmarie,20
Rosmariini,25
Rosmarin,5
Rosveig,7
Roswitha,12
Rowan,5
Rowena,11
Roxana,32
Roxane,6
Roxanna,11
Roxanne,24
Roya,24
Roza,68
Rozalia,9
Rozan,6
Rozanna,5
Rozerin,10
Ru,7
Rubi,7
Rubina,10
Ruby,66
Rue,5
Rufina,13
Rui,6
Ruija,7
Ruken,10
Rukia,7
Rumejsa,5
Runa,135
Runborg,6
Runo,32
Ruqaya,5
Ruqia,6
Ruqiya,7
Ruska,148
Ruslana,7
Rusul,6
Rut,349
Ruta,9
Ruth,949
Ruu,28
Ruusa,356
Ruusu,497
Ruusumaria,5
Ruusunkukka,7
Ruusunnuppu,15
Ruut,929
Ruuth,34
Ruuti,7
Ruwayda,5
Ruweida,6
Ruweyda,18
Ruxandra,5
Réka,15
Róisín,6
Róza,6
Saabiriin,11
Saabirin,5
Saabriin,5
Saad,31
Saadia,12
Saaga,1309
Saaka,5
Saamia,5
Saamiya,5
Saana,4562
Saanamaria,7
Saania,15
Saara,12990
Saarah,13
Saarai,11
Saarakaisa,6
Saaramaija,5
Saaramaria,16
Saari,6
Saarinen,5
Saarinka,5
Saarlotta,6
Saarni,9
Saba,35
Sabah,32
Sabeeh,5
Sabella,5
Sabiha,16
Sabiina,17
Sabina,1016
Sabine,188
Sabir,6
Sabira,11
Sabiriin,11
Sabirin,13
Sabri,5
Sabriin,10
Sabriina,30
Sabrije,7
Sabrin,36
Sabrina,357
Sabrine,10
Sacdiyo,9
Sacha,6
Sada,6
Sadaf,24
Sadat,12
Sade,480
Sadehelmi,14
Sadelma,8
Sadetta,40
Sadette,6
Sadia,50
Sadie,21
Sadija,5
Sadije,8
Sadio,17
Sadiq,10
Sadiya,10
Sadiyo,10
Sadoon,5
Saeed,17
Safa,63
Safaa,14
Saffie,5
Saffron,12
Safi,15
Safia,145
Safiina,13
Safiira,41
Safija,7
Safina,43
Safira,135
Safiya,64
Safiye,15
Safiyo,18
Saga,2988
Sagal,44
Sage,6
Saha,5
Sahal,12
Sahar,57
Sahara,13
Sahira,5
Sahra,113
Sahrami,9
Sahro,18
Sai,5
Saia,9
Said,91
Saida,181
Saidi,12
Saido,16
Saiga,11
Saiid,7
Saija,3976
Saijamari,7
Saijariina,5
Saika,6
Saila,2260
Saili,28
Saima,1532
Saimaa,5
Saime,8
Saimi,3063
Saina,28
Sainab,8
Sainabou,6
Saini,691
Saira,11
Sairi,9
Saja,10
Sajida,6
Sakariina,8
Sakina,26
Sakineh,8
Sakura,27
Salaad,13
Salaado,5
Salad,32
Salah,26
Salam,13
Salama,28
Saleban,12
Saleh,17
Salem,9
Salih,16
Saliha,9
Salim,7
Salima,22
Salina,27
Salka,37
Salla,5908
Sallamaari,113
Sallamaaria,14
Sallamaarit,10
Sallamari,211
Sallamaria,31
Sallariina,10
Salli,1892
Sallima,15
Sally,250
Salma,292
Salman,23
Salme,4834
Salmi,6
Salmo,7
Salome,266
Salomé,5
Salvia,18
Salwa,18
Sam,8
Sama,9
Samah,10
Saman,7
Samanta,10
Samantha,162
Samar,19
Samara,9
Samatha,9
Sameer,7
Sami,9
Samia,41
Samiira,30
Samiiro,5
Samina,14
Samir,12
Samira,409
Samiro,8
Samiya,10
Samra,13
Samruai,5
Samsam,34
Samuel,11
Samuela,15
San,19
Sana,44
Sanaa,20
Sanae,6
Sanam,8
Sanaz,14
Sanda,7
Sandi,15
Sandra,2555
Sandrine,13
Sandy,32
Sane,16
Sanela,16
Sanella,9
Sanelma,3009
Sanerva,8
Sanette,9
Sang,9
Sani,488
Sania,38
Sanie,5
Sanije,9
Sanita,12
Saniya,5
Sanja,327
Sanna,22524
Sannah,5
Sannakaisa,47
Sannaleena,28
Sannaliina,9
Sannaliisa,14
Sannamaaria,6
Sannamaija,33
Sannamari,240
Sannamaria,30
Sannariikka,7
Sanne,67
Sanneli,9
Sanni,8278
Sanniina,62
Sannika,14
Sannimaija,6
Sannimari,18
Sannimaria,10
Sannina,8
Sannu,20
Sannukka,30
Sanny,21
Sanra,11
Sansa,25
Santa,7
Santeri,6
Santos,5
Santra,202
Santtu,7
Sanya,12
Saoirse,7
Saphira,6
Sapphire,6
Sara,14551
Sarabella,5
Saraella,8
Sarafiina,13
Sarafina,18
Sarah,1086
Sarai,38
Saralia,13
Saraliina,12
Saralotta,10
Saramaria,11
Saranda,39
Saranna,29
Saranya,7
Saraste,13
Saraswati,6
Sare,7
Saretta,8
Sargit,41
Sari,29394
Saria,28
Sarian,8
Sarianna,613
Sarianne,375
Sariel,5
Sariella,9
Sariina,30
Sarika,76
Sarina,122
Sarit,5
Sarita,1107
Saritta,25
Sarjanna,5
Sarjo,5
Sarla,10
Sarleena,12
Sarlotta,178
Sarolta,5
Saron,7
Sarpa,5
Sarra,14
Sarri,62
Saru,7
Sasa,24
Sasha,37
Saskia,198
Sassa,10
Sattar,7
Satu,25062
Satumaaria,5
Satumaarit,5
Satumaija,8
Satumari,6
Satumaria,17
Satumarja,11
Sau,8
Savanna,87
Savannah,102
Sawda,7
Sawsan,13
Say,14
Saya,6
Saynab,20
Scarlet,9
Scarlett,65
Scilla,5
Sea,18
Sebahat,6
Sebastian,13
Sebastião,5
Secilia,20
Seda,15
Sedra,5
Seea,35
Seela,1678
Seeli,12
Seelia,181
Seema,7
Seena,42
Seenia,5
Seera,19
Seere,11
Seeri,6
Sefanja,6
Sefyriina,5
Seher,6
Seida,7
Seidi,286
Seija,23837
Seijaliisa,7
Seila,30
Seile,6
Seinab,13
Seira,7
Seita,49
Sejla,5
Sela,10
Selam,5
Selamawit,8
Selda,28
Selen,14
Selena,301
Selene,140
Selenia,9
Seleste,8
Seli,5
Selia,28
Seliina,208
Selima,6
Selin,24
Selina,1626
Selinda,105
Seline,12
Selinä,5
Selja,648
Sella,103
Selli,6
Selly,6
Selma,2355
Selmi,12
Selmiina,6
Selvete,9
Selvi,6
Sema,12
Semina,5
Semira,9
Semra,14
Sen,6
Sena,22
Senada,5
Senait,7
Sengül,6
Seni,13
Senia,42
Senita,16
Senja,3266
Senna,134
Senni,2290
Sennu,11
Senny,31
Senobia,14
Senta,9
Sepideh,7
Sera,125
Serafia,694
Serafiia,93
Serafiina,1070
Serafima,44
Serafin,7
Serafina,504
Serah,6
Seraina,7
Seralia,10
Serap,5
Seraphina,16
Sere,9
Serefiina,10
Serefina,7
Seren,14
Serena,193
Serene,10
Serenella,15
Sergeevna,21
Sergejevna,13
Seri,15
Seriina,7
Serin,7
Serina,73
Serine,8
Serita,12
Serja,22
Serwaa,5
Sesilia,173
Sesilja,12
Sessa,13
Sesse,8
Sessi,10
Setareh,11
Setayesh,8
Sevanja,9
Sevasti,6
Sevda,18
Sevdije,7
Seveliina,5
Severiina,232
Severina,14
Sevgi,20
Sevi,5
Sevil,9
Sevilla,8
Sevim,12
Sevin,5
Seya,6
Seyedeh,13
Seynab,30
Shabana,6
Shabnam,19
Shabo,6
Shadan,6
Shade,5
Shadi,12
Shadiya,5
Shafia,5
Shafici,5
Shahad,17
Shahd,5
Shaheen,5
Shahid,5
Shahin,10
Shahla,28
Shahnaz,13
Shaida,5
Shaima,12
Shaimaa,8
Shaker,7
Shakiba,5
Shakila,12
Shakir,5
Shakira,16
Shalini,9
Shalom,5
Sham,7
Shamis,8
Shams,11
Shamsa,11
Shamso,27
Shan,20
Shana,6
Shani,25
Shania,24
Shanice,5
Shanna,9
Shannon,32
Shanti,28
Shara,7
Sharaf,6
Sharareh,6
Shari,12
Sharif,30
Sharifa,10
Sharlotta,6
Sharmarke,5
Sharmila,10
Sharmin,18
Sharon,118
Sharona,13
Shatha,6
Shathy,6
Shaymaa,5
Sheekh,6
Sheela,5
Sheena,9
Sheida,10
Sheik,5
Sheikh,21
Sheila,59
Sheima,13
Shekinah,5
Shelley,5
Shemsije,5
Sheng,6
Shereen,7
Sheri,6
Sherif,13
Sherin,5
Sheryl,7
Shila,6
Shilan,14
Shiloh,7
Shima,14
Shira,17
Shire,17
Shireen,5
Shirel,10
Shiri,12
Shirin,55
Shirley,39
Shirwa,5
Shiva,11
Shivani,7
Shkurta,6
Shkurte,11
Shler,6
Shohreh,5
Shpresa,11
Shqipe,15
Shreya,7
Shu,14
Shugri,12
Shukri,57
Shukrije,13
Shwan,5
Shweta,8
Shyhrete,6
Si,12
Sia,9
Siad,6
Sibel,49
Sibilla,5
Sibylla,16
Sickan,39
Sidonia,26
Sidra,15
Sieglinde,5
Siena,21
Sienna,276
Sierra,17
Sievi,16
Sievä,53
Sif,5
Sifa,9
Sigbrit,7
Sigbritt,48
Signe,930
Signhild,67
Signild,15
Sigrid,636
Sigrun,16
Sigyn,5
Sihaam,25
Siham,43
Sihem,8
Siia,8
Siida,8
Siikri,7
Siime,9
Siimi,6
Siina,588
Siira,7
Siiri,9420
Siirisofia,8
Siisa,5
Sikke,18
Sikri,8
Sikuriina,70
Sila,13
Silene,5
Silinda,5
Silja,6256
Silje,29
Silke,26
Silla,76
Silmu,67
Silpa,60
Silva,538
Silvana,31
Silve,29
Silvi,22
Silvia,935
Sima,26
Simin,16
Simon,6
Simona,78
Simone,270
Simonetta,6
Simra,5
Simran,9
Sin,8
Sina,204
Sinaida,37
Sindi,29
Sindy,18
Sine,13
Sinea,15
Sinella,42
Sinem,14
Sinerva,8
Sinervo,15
Sinetta,6
Singa,7
Singe,5
Singh,8
Sini,9218
Sinia,5
Sinianna,8
Sinikka,43797
Sinikukka,15
Sinililja,7
Sinimaaria,7
Sinimaria,12
Sinimarja,19
Sinipilvi,11
Sinita,5
Sinitta,15
Sinituuli,22
Sinituulia,10
Sinivuokko,18
Sinja,105
Sinna,575
Sinni,8
Siobhan,8
Siobhán,5
Sipi,8
Sippola,5
Sippora,5
Sipriina,71
Siprina,5
Sira,114
Sirad,5
Sirena,73
Sirene,10
Siret,8
Siri,672
Siria,12
Sirian,5
Sirianna,6
Sirigli,6
Sirikiitta,5
Sirikli,13
Sirilla,8
Sirin,26
Sirina,17
Sirine,6
Siriporn,6
Sirissa,7
Sirita,7
Sirius,38
Siriwan,5
Sirja,537
Sirje,115
Sirjo,5
Sirke,269
Sirkitta,5
Sirkka,19006
Sirkkaliisa,34
Sirkku,3577
Sirkkuli,5
Sirle,6
Sirli,9
Siro,51
Sirpa,23333
Sirpaliisa,6
Sirpi,5
Sirppa,31
Sirri,6
Siru,1300
Sirwa,5
Sisay,5
Sisi,12
Sisilia,10
Siska,5
Sisko,22551
Sisse,5
Sissel,44
Sissela,6
Sissi,275
Sissy,10
Sita,16
Sitra,8
Siu,8
Siukku,5
Siv,1195
Sivan,7
Siveä,5
Sivi,156
Sivia,46
Sivina,7
Siviä,1430
Siw,51
Siyuan,5
Sky,23
Skye,38
Skylar,12
Smilla,36
Sneha,6
Snejana,5
Snezana,7
Snezhana,7
Snow,5
Snöfrid,43
Snövej,6
Socorro,8
Soe,6
Sofi,918
Sofia,59306
Sofiaana,6
Sofianna,336
Sofianne,8
Sofie,1949
Sofiel,31
Sofiella,13
Sofii,10
Sofiia,96
Sofiina,58
Sofija,28
Sofina,10
Sofiya,16
Sofié,9
Sofja,19
Sofya,15
Sofía,18
Soham,5
Sohana,5
Soheila,15
Sohvi,1129
Sohvia,23
Soila,500
Soile,4826
Soili,2959
Soilikki,754
Soineli,9
Soini,30
Sointu,1622
Soivi,7
Soja,63
Sol,29
Sola,12
Solana,6
Solange,30
Solbritt,59
Sole,94
Soledad,17
Soleil,13
Solena,6
Solfrid,8
Soli,12
Solin,20
Solina,42
Solita,5
Solja,250
Solmaz,5
Solveig,1879
Solvej,5
Solvig,5
Solweig,19
Soma,61
Somaya,9
Somayeh,9
Somjai,5
Son,5
Sona,20
Sonata,8
Song,9
Sonia,351
Sonila,6
Sonja,8916
Sonya,105
Sophi,6
Sophia,851
Sophie,922
Sora,8
Soraja,83
Soraya,81
Sorella,87
Sorja,79
Sorjo,6
Souad,11
Soumaya,6
Soumia,7
Sousan,6
Sowda,6
Sozan,6
Sri,9
Stacey,10
Stacy,11
Stana,5
Stanislava,12
Star,9
Stavroula,6
Stefani,22
Stefania,81
Stefanie,105
Steffi,10
Stella,2502
Stephanie,263
Stiina,845
Stina,1501
Stine,6
Storm,5
Stéphanie,10
Su,28
Suaad,6
Suad,33
Subhi,8
Sucaad,5
Sudarat,6
Sude,6
Sue,58
Suela,7
Sufia,5
Suha,13
Suhaila,11
Suhayla,5
Suheila,6
Suhur,5
Suhuur,8
Sukaina,5
Sukanya,6
Sukeyna,6
Sulaiman,5
Sulami,8
Sulamit,30
Sulamith,9
Suleima,58
Suleiman,30
Sulevi,81
Sulina,9
Sulotar,12
Sultan,19
Sultana,8
Sumaia,7
Sumaiya,10
Sumaja,8
Sumaya,98
Sumayo,18
Sumeja,11
Sumeya,23
Summer,20
Sumu,8
Sun,8
Suna,44
Sundari,6
Sunday,8
Sundus,50
Sunelma,5
Sunisa,5
Sunita,19
Sunna,82
Sunneva,24
Sunniva,24
Sunny,8
Sunná,6
Suoma,914
Suometar,133
Suong,11
Supaporn,8
Supattra,5
Sura,8
Suraya,14
Suri,5
Susa,336
Susan,1762
Susana,60
Susann,556
Susanna,56872
Susannah,29
Susanne,5800
Susanni,7
Susette,26
Susi,20
Susie,16
Suska,10
Susse,6
Susu,11
Susy,7
Suvi,13937
Suvianna,34
Suvikki,18
Suvikukka,10
Suvimaria,7
Suvimarja,13
Suvituuli,208
Suvituulia,36
Suweyda,11
Suzan,83
Suzana,30
Suzanna,33
Suzanne,137
Suzette,11
Suzy,6
Svanhild,37
Svea,528
Svenja,11
Sveta,6
Svetlana,1103
Sveva,7
Sviatlana,5
Svitlana,29
Sydney,20
Syeda,21
Syksy,13
Sylva,124
Sylvi,3645
Sylvia,5443
Sylvianna,5
Sylvie,30
Sylviina,5
Sylwia,12
Synneve,10
Synnevi,15
Synnove,18
Synnöve,765
Synnøve,5
Syrena,9
Syrilla,22
Szilvia,10
Sára,11
Säde,1735
Säkene,6
Sätene,29
Sävel,11
Sävele,13
Sävy,46
Taava,64
Tabarak,5
Tabassum,12
Tabatha,5
Tabea,10
Tabita,26
Tabitha,9
Taha,10
Taher,9
Tahera,7
Tahereh,6
Tahir,6
Tahira,10
Tahiti,30
Tahmina,5
Taia,18
Taica,8
Taiga,131
Taija,1987
Taiju,26
Taika,1569
Taikakukka,6
Taikatuuli,28
Taikatuulia,6
Taila,19
Taimi,4166
Taina,9869
Taini,27
Taira,47
Tais,5
Taisa,28
Taisia,68
Taisiia,5
Taisija,5
Taisiya,5
Taissia,6
Taja,6
Tal,6
Tala,6
Talia,17
Tallulah,5
Talvi,57
Talvia,5
Talvikki,4449
Tam,41
Tamana,7
Tamanna,8
Tamar,7
Tamara,665
Tami,5
Tamika,7
Tamila,8
Tammi,5
Tammy,5
Tani,7
Tania,175
Tanika,5
Tanisha,9
Tanita,59
Tanja,11566
Tanjaana,12
Tanjalotta,5
Tanveer,5
Tanvi,5
Tanya,191
Tao,13
Tapio,8
Tara,623
Tarek,7
Tareq,6
Tari,26
Taria,16
Tarina,74
Tariq,5
Tarita,87
Tarja,26246
Tarjaana,20
Tarleena,210
Taru,6686
Taruliina,5
Tasha,9
Taslima,7
Tasmin,5
Tasneem,10
Tasniim,9
Tasnim,34
Tatiana,916
Tatja,98
Tatjaana,183
Tatjana,780
Tatsiana,6
Tatyana,30
Tau,6
Tawfik,11
Tayeba,5
Taylor,15
Tea,2607
Teea,459
Teela,18
Teele,9
Teena,5
Tegan,5
Tehila,7
Tehilla,61
Teia,6
Teija,7317
Teiju,26
Teila,10
Tekla,259
Tella,47
Telle,40
Tellervo,31739
Tellu,19
Telma,257
Tenhikki,8
Tenna,6
Teodora,50
Teolinda,5
Tepa,7
Terece,5
Terecia,8
Terella,10
Terena,5
Teres,15
Teresa,2608
Terese,617
Teresia,967
Teresita,13
Teressa,29
Teresé,7
Tereza,20
Terhen,11
Terhi,7961
Terhikki,1325
Teri,20
Terja,92
Terje,13
Terri,12
Terry,6
Tertit,14
Tertta,13
Terttu,18869
Terttuli,19
Terés,7
Terésa,16
Terése,49
Terésia,11
Terézia,6
Tesla,14
Tesma,5
Tess,22
Tessa,973
Tessaliina,33
Tessalina,6
Tessi,18
Tete,5
Tetiana,19
Tetta,21
Tette,7
Tetti,30
Tetyana,15
Teuta,20
Tha,10
Thai,7
Thalia,19
Tham,8
Thanh,198
Thao,94
Thea,334
Thekla,6
Thelma,185
Theodora,65
Therece,5
Therecia,7
Theres,26
Theresa,387
Therese,636
Theresia,287
Theressa,8
Theresé,12
Therèse,12
Therés,6
Therésa,5
Therése,144
Therésia,5
Thi,1272
Thia,5
Thida,9
Thidarat,6
Thien,28
Thilda,23
Thilde,28
Thilia,5
Thina,5
Thindra,6
Tho,11
Thoa,7
Thom,5
Thomas,6
Thora,13
Thorborg,5
Thordis,10
Thu,194
Thua,19
Thuan,7
Thuong,15
Thuy,222
Thy,13
Thyra,69
Théa,8
Thérese,7
Thérèse,28
Thérése,11
Thúy,7
Tia,1402
Tiamaria,8
Tian,5
Tiana,78
Tianna,98
Tiara,30
Tida,13
Tien,24
Tiera,8
Tieu,7
Tiffany,67
Tigist,5
Tii,83
Tiia,8995
Tiiamari,33
Tiiamaria,11
Tiiariina,9
Tiida,24
Tiija,30
Tiiju,6
Tiila,71
Tiina,27586
Tiinakaisa,10
Tiinaleena,5
Tiinaliisa,17
Tiinamaija,13
Tiinamari,29
Tiinamaria,7
Tiinu,25
Tiira,10
Tiisa,8
Tiita,7
Tiiti,69
Tiitta,55
Tiitu,184
Tiiu,280
Tiivi,10
Tijana,6
Tikkanen,7
Tikli,5
Tiku,5
Tikva,14
Tilda,1708
Tilde,251
Tilhi,22
Tilia,10
Tilja,18
Tilla,40
Tilli,13
Tilly,20
Tilma,135
Tilta,41
Tiltu,26
Timea,18
Timja,10
Timna,16
Timotei,7
Tina,1186
Tinca,5
Tindra,210
Tinet,6
Ting,12
Tini,6
Tinja,1055
Tinka,240
Tinna,49
Tinni,7
Tintin,10
Tintti,40
Tintu,5
Tinuviel,5
Tipi,6
Tipsu,7
Tira,16
Tirliina,7
Tirlittan,15
Tirsa,5
Tita,96
Titania,20
Titi,36
Titilayo,5
Titta,1604
Tittamari,11
Titti,57
Titvi,8
Tiu,7
Tiuhti,12
Tiuku,114
Tiziana,7
To,14
Toa,5
Toini,4901
Toive,88
Toivi,26
Toivikki,85
Toma,11
Tomas,7
Tone,16
Tong,8
Toni,17
Tonia,10
Tonja,58
Tony,21
Tonya,10
Tora,76
Torborg,60
Tordis,18
Torhild,25
Torun,5
Tosca,13
Touko,5
Toussainte,18
Tova,68
Tove,680
Towa,5
Towe,15
Tra,7
Tracey,11
Tracy,18
Tram,17
Tran,29
Trang,84
Tricia,12
Trifa,8
Triin,25
Triine,5
Triinu,23
Trina,13
Trine,33
Tringa,5
Trinh,24
Trinity,16
Trista,8
Truc,39
Trude,17
Tsambika,5
Tu,30
Tua,512
Tuana,35
Tuba,9
Tue,6
Tuija,13083
Tuije,5
Tuike,136
Tuikku,35
Tuila,22
Tuire,1991
Tuiri,8
Tuisku,180
Tuiti,5
Tuittu,10
Tulan,10
Tuli,14
Tulikki,29
Tulikukka,26
Tunja,6
Tunne,6
Tuomi,57
Tuomikki,66
Tuong,15
Tuovi,1474
Tuovikki,8
Tupu,26
Tupuna,44
Turid,6
Tutta,98
Tuttan,5
Tutteli,28
Tuttu,34
Tutu,7
Tuua,62
Tuula,35136
Tuuletar,6
Tuulevi,418
Tuuli,6502
Tuulia,19691
Tuulianna,43
Tuuliina,95
Tuulikki,59116
Tuulimari,5
Tuulimaria,12
Tuuna,5
Tuuni,50
Tuuti,5
Tuutikki,51
Tuuva,15
Tuuve,34
Tuva,60
Tuyen,18
Tuyet,92
Typy,6
Tyra,133
Tyrsky,5
Tyti,13
Tytteli,17
Tytti,3165
Tyttiina,5
Tyttö,11
Tyty,6
Tyyne,2937
Tyyni,169
Tyyra,30
Tähdikki,5
Tähkä,31
Tähti,84
Téa,6
Tímea,5
Tülin,5
Türkan,11
Ubah,34
Ugbaad,5
Ugbad,5
Uina,5
Uliana,29
Uljana,25
Ulla,20027
Ullakaisa,6
Ullamaija,64
Ullamari,35
Ullamaria,9
Ullamarja,5
Ullariikka,18
Ullastiina,10
Ulli,13
Ullica,9
Ullrika,14
Ulpu,501
Ulpukka,84
Ulrica,251
Ulriika,361
Ulriikka,495
Ulrika,2313
Ulrike,24
Ulvi,5
Uma,70
Umaima,5
Umayma,10
Una,82
Unaja,9
Unda,5
Undine,5
Une,5
Unelma,2211
Unerva,5
Uni,47
Unia,9
Unikko,34
Unn,5
Unna,849
Unni,91
Unnu,5
Unnukka,91
Untuva,7
Urania,7
Urda,22
Urpu,106
Ursa,8
Ursula,1447
Urszula,12
Urve,14
Usha,6
Usman,6
Usva,392
Ut,5
Uta,5
Ute,7
Utu,32
Uuna,22
Uura,6
Uwase,11
Uyen,17
Vaapukka,10
Vadelma,223
Vadelmiina,12
Vadimovna,6
Vahida,5
Vaida,5
Vailet,16
Vaili,14
Valbona,11
Valbone,11
Valborg,347
Valdine,237
Valencia,24
Valentia,5
Valentiina,69
Valentin,6
Valentina,1070
Valentine,32
Valentinovna,12
Valentyna,5
Valeria,405
Valerie,95
Valeriia,15
Valeriina,6
Valerija,18
Valeriya,10
Valerjevna,9
Valfrida,5
Valkyria,10
Valla,8
Vallikki,7
Vally,5
Valma,1194
Valmira,5
Valmire,5
Valmu,12
Valo,50
Valona,19
Valonia,13
Valonsäde,5
Valora,10
Valotar,8
Valpori,16
Valpu,48
Valpuri,1538
Valva,8
Valvatti,19
Valvi,8
Valvikki,69
Valéria,5
Valérie,8
Van,70
Vanamo,1023
Vanda,27
Vandana,7
Vanesa,19
Vanessa,2408
Vania,12
Vanida,6
Vanilia,15
Vanilja,91
Vanilla,110
Vanja,72
Vann,7
Vanna,5
Vanni,16
Vappu,3257
Varda,5
Varja,9
Varma,49
Varpu,1922
Varvara,75
Vasilevna,6
Vasiliki,17
Vasilina,5
Vasilisa,30
Vasilissa,5
Vasiljevna,25
Vaula,362
Vaulikki,10
Vava,6
Vea,41
Veanna,5
Veda,9
Veea,83
Veeda,7
Veela,65
Veena,43
Veera,11217
Veeruska,8
Vega,49
Veija,7
Veina,14
Vela,6
Vella,108
Vellamo,1039
Velma,55
Vendela,114
Vendi,11
Vendla,95
Veneda,10
Venera,18
Veneta,7
Venita,7
Venja,71
Venla,9445
Venna,53
Venni,77
Venny,215
Venus,29
Vera,2018
Verena,44
Verla,11
Verna,911
Verona,97
Veronica,1420
Veronika,848
Veronique,12
Vesna,11
Vesta,52
Vi,30
Via,15
Vian,10
Viana,12
Vianna,16
Vibeke,20
Vicki,8
Vicktoria,18
Vicky,23
Victoire,9
Victoria,3057
Victorina,7
Victorine,9
Vida,58
Vidia,5
Viena,784
Vienna,105
Vieno,3146
Viesti,8
Viet,7
Viia,201
Viida,6
Viija,8
Viima,38
Viira,5
Viiu,8
Viive,11
Viivi,7015
Viivia,30
Viivu,9
Viktooria,5
Viktoria,1695
Viktoriia,33
Viktoriina,59
Viktorija,25
Viktorina,44
Viktorinna,5
Viktoriya,40
Viktorovna,40
Vila,6
Vilda,66
Vildan,5
Vilde,12
Vilena,9
Vilhelmiina,9165
Vilhelmina,948
Vilhelmine,5
Vilhemiina,5
Viliina,239
Vilina,169
Vilinä,6
Vilja,2503
Viljaana,18
Viljamaria,5
Viljatuuli,5
Vilka,5
Villa,32
Villiina,77
Vilma,7995
Vilmaliina,5
Vilmalotta,9
Vilmiina,113
Vilna,23
Vilpiina,10
Vilve,5
Vineda,6
Vineta,40
Vinja,13
Viola,6395
Violet,108
Violeta,50
Violetta,116
Violette,21
Violiina,5
Viona,69
Vione,6
Vira,11
Virgine,5
Virginia,152
Virginie,8
Viri,13
Virna,10
Virpa,15
Virpi,9506
Virva,1052
Virve,2309
Vita,15
Vittoria,18
Viva,73
Vivan,224
Vivea,10
Viveca,515
Viveka,640
Vivi,396
Vivia,160
Vivian,1702
Viviana,93
Viviane,31
Viviann,48
Vivianna,86
Vivianne,78
Vivica,52
Vivien,71
Vivienne,46
Viviikka,15
Vivika,90
Viyan,8
Vjollca,17
Vjosa,5
Vlada,15
Vladimirovna,64
Vladislava,12
Vlera,8
Vlora,14
Volha,5
Vonne,5
Vu,13
Vuokko,6395
Vy,56
Vân,5
Véra,5
Véronique,10
Wael,6
Wafa,11
Wafaa,7
Wah,13
Wahida,10
Wai,22
Wairimu,26
Waithera,5
Walaa,7
Walborg,17
Waldine,10
Waleed,5
Walentina,5
Wali,5
Walma,15
Walpuri,14
Waltraud,9
Wambui,35
Wan,9
Wanda,71
Wanessa,17
Wang,5
Wangari,12
Wangui,16
Wanja,21
Wanjiku,32
Wanjiru,34
Wanna,11
Waraporn,5
Warda,32
Warpu,6
Warsame,10
Waseem,5
Wava,9
Weera,58
Wei,29
Wellamo,49
Welma,6
Wen,19
Wenche,6
Wendela,21
Wendi,9
Wendla,21
Wendy,54
Wenla,167
Wenni,5
Wenny,5
Wera,76
Werna,12
Werona,5
Weronica,15
Weronika,22
Whitney,6
Wia,7
Wictoria,21
Widad,6
Wieslawa,7
Wiia,5
Wiivi,49
Wiktoria,36
Wilda,58
Wilhelmiina,3318
Wilhelmina,1473
Wilhelmine,29
Wiliina,13
Wilina,10
Wilja,28
Willa,12
Williina,11
Willow,20
Wilma,2068
Wilmiina,19
Win,8
Wing,10
Winifred,6
Winnie,17
Winona,10
Winter,6
Wiola,49
Wisam,10
Wivan,9
Wiveca,14
Wiveka,14
Wivi,34
Wivian,8
Xena,9
Xenia,140
Xi,7
Xia,8
Xiang,13
Xiao,21
Xiaoyan,6
Xiaoyu,6
Xin,26
Xing,9
Xinyi,9
Xiu,15
Xu,6
Xuan,35
Xue,16
Ya,8
Yaa,12
Yada,11
Yael,41
Yagmur,20
Yahia,5
Yahya,11
Yaiza,7
Yalda,8
Yamina,24
Yamna,6
Yan,53
Yana,53
Yang,24
Yanina,9
Yanisa,5
Yanna,8
Yao,9
Yar,5
Yara,29
Yaren,5
Yasamin,11
Yaseen,6
Yasemin,94
Yaser,6
Yasin,16
Yasir,8
Yasmeen,12
Yasmiin,13
Yasmin,499
Yasmina,77
Yasmine,208
Yasna,7
Yassin,13
Yaya,7
Yazmin,5
Yazmine,5
Ye,12
Yee,28
Yelena,15
Yemina,11
Yen,68
Yenni,5
Yeshi,5
Yesim,8
Yessica,7
Yetunde,9
Yevgeniya,5
Yi,23
Yildiz,10
Yin,18
Ying,67
Yllka,7
Ylva,303
Yoanna,6
Yodit,6
Yohanna,6
Yoko,5
Yolanda,108
Yolande,6
Yona,9
Yonis,5
Yordanova,7
Young,11
Yousef,7
Yousif,11
Yousra,10
Yousuf,5
Yrsa,119
Yu,39
Yuan,11
Yue,9
Yui,5
Yuk,10
Yuki,16
Yulia,177
Yuliya,31
Yun,20
Yuna,10
Yurub,7
Yusra,45
Yussuf,10
Yusuf,130
Yvette,33
Yvon,7
Yvonn,10
Yvonne,1310
Ywonne,5
Zade,6
Zafira,6
Zahara,11
Zahia,6
Zahide,8
Zahira,6
Zahra,297
Zahraa,52
Zaid,5
Zaida,105
Zaina,5
Zainab,138
Zaineb,6
Zaira,5
Zaki,5
Zakia,11
Zakiya,7
Zamira,5
Zamzam,24
Zana,12
Zandra,22
Zanna,26
Zannat,8
Zara,115
Zarah,18
Zarife,6
Zarina,14
Zawadi,6
Zaya,8
Zaynab,21
Zea,7
Zeena,5
Zehra,28
Zeidi,7
Zeina,6
Zeinab,102
Zeineb,14
Zekiye,6
Zelal,5
Zelda,44
Zelealem,5
Zelia,5
Zeliha,9
Zelina,5
Zena,15
Zenaida,6
Zenia,7
Zenita,28
Zeynab,10
Zeynep,56
Zhang,5
Zhanna,47
Zhen,6
Zhi,6
Zi,6
Zia,8
Ziba,8
Zilan,16
Zina,27
Zinaida,54
Zinat,6
Zine,5
Zineb,11
Zita,15
Ziyad,5
Zlata,14
Zoe,107
Zoey,13
Zofia,32
Zoha,5
Zohal,7
Zoheir,7
Zohra,29
Zohreh,6
Zoi,8
Zoia,10
Zoja,41
Zora,6
Zorica,5
Zoya,22
Zozan,5
Zoé,22
Zoë,13
Zsuzsanna,28
Zsófia,12
Zubaida,5
Zuhair,7
Zuhra,5
Zuzana,8
Zuzanna,14
Zübeyde,5
Ágnes,16
Áile,14
Ánh,6
Älva,6
Äänis,5
Åsa,909
Åse,14
Élise,5
Émilie,7
Éva,14
Íris,6
Özlem,15
Ülle,33