Aabel,78
Aabraham,73
Aabram,18
Aabrami,8
Aadam,84
Aadan,17
Aadel,13
Aadi,15
Aadiel,23
Aadolf,432
Aage,21
Aake,404
Aaku,45
Aakusti,5
Aale,175
Aali,8
Aallos,5
Aalto,70
Aamer,6
Aamir,6
Aamo,7
Aamon,7
Aamos,859
Aamunvalo,8
Aanon,7
Aapa,11
Aape,23
Aapel,12
Aapeli,2284
Aapi,59
Aapo,6244
Aappi,11
Aappo,381
Aapraham,31
Aapram,24
Aaprami,145
Aapro,35
Aarav,9
Aare,59
Aares,6
Aaret,36
Aaretti,209
Aari,57
Aarne,8972
Aarni,2619
Aarnio,9
Aarno,2798
Aaro,7638
Aaron,6360
Aaroni,35
Aarre,5384
Aarret,5
Aarretti,13
Aarto,332
Aarush,5
Aarón,7
Aatami,469
Aate,337
Aati,226
Aato,18
Aatos,7731
Aatte,7
Aatto,913
Aattu,5
Aatu,5066
Aavo,11
Aayan,6
Aayush,5
Abaas,12
Abas,17
Abayomi,7
Abbas,165
Abbe,28
Abd,47
Abdala,6
Abdalla,44
Abdallah,69
Abdalle,5
Abdel,77
Abdelali,5
Abdelaziz,31
Abdelfattah,6
Abdelghani,11
Abdelhafid,6
Abdelhak,6
Abdelhakim,6
Abdelhamid,15
Abdelilah,5
Abdeljalil,6
Abdelkader,18
Abdelkarim,20
Abdelkrim,9
Abdellah,27
Abdellatif,17
Abdelmajid,13
Abdelmalek,8
Abdelrahman,19
Abder,5
Abderahman,6
Abderrahim,15
Abderrahman,11
Abderrahmane,22
Abderrazak,5
Abdeslam,6
Abdi,592
Abdiasis,38
Abdiaziz,57
Abdifatah,108
Abdifitaah,6
Abdifitah,8
Abdigadir,5
Abdigani,9
Abdihakiim,8
Abdihakim,31
Abdihakin,13
Abdihamid,17
Abdijabar,6
Abdijibaar,5
Abdikaafi,5
Abdikadar,5
Abdikadir,36
Abdikafi,12
Abdikani,13
Abdikariim,10
Abdikarim,55
Abdikarin,27
Abdilaahi,6
Abdiladif,11
Abdilahi,11
Abdillahi,25
Abdimaalik,8
Abdimalik,33
Abdinasir,60
Abdinur,11
Abdiqaadir,8
Abdiqadar,5
Abdiqadir,5
Abdiqafar,5
Abdiqani,35
Abdirahim,44
Abdirahmaan,22
Abdirahman,493
Abdirashid,80
Abdirashiid,9
Abdirazak,15
Abdirisaaq,10
Abdirisak,56
Abdirisaq,35
Abdirizak,75
Abdirizaq,11
Abdisalaan,6
Abdisalam,39
Abdisalan,11
Abdisamad,14
Abdisamed,8
Abdishakur,22
Abdishakuur,9
Abdiwahaab,10
Abdiwahab,18
Abdiwahid,11
Abdiwali,26
Abdiweli,21
Abdo,5
Abdollah,7
Abdou,13
Abdoul,5
Abdoulaye,8
Abdoulie,13
Abdu,7
Abdukadir,17
Abdul,207
Abdula,5
Abdulaahi,21
Abdulahi,63
Abdulazeez,9
Abdulaziz,24
Abdulfatah,9
Abdulgadir,18
Abdulghani,5
Abdulhadi,7
Abdulhakim,10
Abdulhamid,10
Abdulhussain,8
Abdulhussein,5
Abdulkader,6
Abdulkadir,233
Abdulkareem,14
Abdulkarim,22
Abdulkhaliq,5
Abdulla,44
Abdullaahi,22
Abdullah,242
Abdullahi,540
Abdulle,26
Abdulmajid,5
Abdulmalik,10
Abdulqadir,33
Abdulrahim,7
Abdulrahman,54
Abdulrazzaq,10
Abdulwahab,9
Abdulwahid,10
Abduqadir,5
Abdur,5
Abdurahim,8
Abdurahman,31
Abdurrahim,6
Abdurrahman,28
Abed,37
Abedin,10
Abel,230
Abhishek,5
Abid,14
Abiel,87
Abiodun,17
Abiola,6
Abir,6
Abner,34
Abolfazl,5
Abou,7
Abraham,359
Abram,89
Abrar,5
Abshir,42
Abu,32
Abubakar,32
Abubaker,5
Abubakr,9
Abukar,76
Abul,8
Abuukar,8
Ace,5
Achille,9
Achilles,13
Achraf,7
Acke,7
Adalbert,13
Adam,1642
Adama,9
Adan,59
Adar,13
Ade,12
Adebayo,10
Adedayo,5
Adekunle,15
Adel,78
Adem,51
Ademola,9
Aden,108
Adeola,11
Adewale,12
Adeyemi,8
Adeyinka,6
Adham,8
Adi,40
Adib,5
Adiel,292
Adil,91
Adin,5
Adis,10
Aditya,14
Adjei,7
Admir,7
Adnaan,15
Adnan,131
Adnane,6
Adolf,1031
Adolfo,15
Adom,5
Adonis,13
Adriaan,10
Adrian,1088
Adriano,24
Adrianus,7
Adriatik,5
Adriel,12
Adrien,21
Adrián,16
Adu,5
Adyan,6
Aeon,5
Affan,6
Afonso,10
Afrim,24
Afshin,10
Aftab,5
Agane,5
Agapetus,7
Agathon,17
Agaton,7
Age,11
Ager,7
Agim,21
Agit,5
Agnar,7
Agner,7
Agon,13
Agostino,13
Agron,15
Agust,7
Agustin,15
Ahad,12
Aharon,7
Ahma,7
Ahmad,391
Ahmed,1591
Ahmedey,5
Ahmednur,10
Ahmet,86
Ahsan,8
Ahti,5546
Ahto,188
Ahvo,41
Aidan,79
Aiden,47
Aidin,7
Aihe,9
Ailo,57
Ailu,34
Aiman,33
Aimo,6289
Aimé,7
Aito,113
Aitor,9
Aivar,22
Aivo,6
Ajan,17
Ajay,6
Ajdin,10
Ajibola,5
Ajmal,10
Akam,17
Akar,6
Akash,8
Akatius,9
Akbar,25
Ake,42
Akeem,7
Aki,8873
Akif,21
Akil,14
Akilles,122
Akim,21
Akin,10
Akio,7
Akipekka,6
Akira,35
Akito,7
Akke,16
Akmeeli,6
Ako,32
Akol,6
Akram,79
Aksel,934
Akseli,11455
Aksu,134
Aku,3211
Akusti,427
Akwasi,8
Al,38
Alaa,29
Aladar,6
Aladin,7
Alain,64
Alam,12
Alan,273
Aland,7
Alar,9
Alari,38
Alaric,14
Alarik,2125
Alas,9
Alasdair,7
Alawi,11
Alban,35
Albanus,14
Albert,5042
Albertino,5
Alberto,197
Albertti,47
Albertto,7
Albertus,6
Albi,5
Albiin,5
Albiinus,11
Albin,1458
Albinus,74
Albion,24
Albrecht,9
Albus,10
Alcides,5
Alden,7
Aldin,27
Aldo,34
Aldur,16
Ale,109
Alec,284
Alef,15
Alejandro,156
Alek,73
Aleko,7
Aleks,250
Aleksandar,29
Aleksander,3062
Aleksanderi,5
Aleksandr,526
Aleksandre,6
Aleksandros,21
Aleksandrovich,7
Aleksandrovits,5
Aleksandrs,5
Aleksanter,13
Aleksanteri,12796
Aleksei,616
Alekseij,10
Aleksej,33
Aleksey,14
Aleksi,39958
Aleksios,5
Aleksis,1758
Aleksius,69
Alem,9
Alen,26
Ales,24
Alessandro,167
Alessio,48
Alex,5633
Alexander,13759
Alexandr,91
Alexandre,326
Alexandro,26
Alexandros,110
Alexandrovich,6
Alexandru,36
Alexanteri,51
Alexei,195
Alexej,40
Alexey,180
Alexi,298
Alexios,9
Alexis,345
Alexius,28
Alexsander,76
Alexsanteri,14
Alf,1203
Alfa,9
Alfie,12
Alfons,752
Alfonso,44
Alfred,2813
Alfredo,39
Alfret,5
Alfrid,5
Algot,202
Alhassan,5
Alho,38
Ali,2590
Aliaksandr,6
Alias,8
Alieu,14
Alim,8
Alin,11
Alioune,6
Alireza,29
Alistair,17
Alix,7
Alje,11
Alkarim,6
Alku,9
Alla,10
Allah,7
Allal,5
Allan,10556
Alland,5
Allani,62
Allanti,6
Allari,17
Allen,50
Allu,43
Almar,15
Almari,5
Almer,18
Almin,6
Almir,23
Alo,7
Alois,18
Alon,13
Alonso,21
Alonzo,17
Aloysius,5
Alp,9
Alparslan,5
Alper,30
Alperen,5
Alpert,18
Alpertti,159
Alpha,16
Alpi,195
Alpiin,29
Alpin,12
Alpo,4856
Alrik,18
Altan,6
Altin,11
Altis,7
Altti,1063
Alva,6
Alvar,4524
Alvari,1291
Alvaro,45
Alve,38
Alvi,230
Alvian,17
Alvin,429
Alwan,16
Alwar,24
Alwari,6
Alwin,32
Aly,15
Amaar,9
Amadeo,11
Amadeus,282
Amado,5
Amadou,24
Amadu,6
Aman,27
Amandeep,5
Amandus,21
Amani,13
Amanj,8
Amanuel,12
Amanullah,6
Amar,74
Amare,5
Amarjit,7
Amaru,15
Amatius,5
Amatus,9
Ambjörn,5
Ambrosius,19
Amed,7
Amedeo,7
Ameen,10
Ameer,11
Amel,11
Amen,6
Amer,39
Ami,244
Amiel,16
Amiin,31
Amiir,19
Amil,5
Amin,299
Amine,38
Amir,416
Amit,23
Amjad,28
Ammar,54
Amon,26
Amor,20
Amos,754
Amr,16
Amrit,6
Amro,11
An,44
Ana,10
Anakin,22
Anand,14
Ananda,15
Ananias,99
Anar,6
Anas,184
Anass,6
Anastasios,13
Anatol,9
Anatole,13
Anatoli,146
Anatolii,10
Anatolij,14
Anatoly,24
Andaras,11
Ander,6
Anders,6656
Andersen,6
Andi,27
Andor,8
Andras,8
Andre,244
Andrea,143
Andreas,5377
Andree,12
Andreevich,10
Andrei,847
Andreij,6
Andrej,79
Andrejevitch,7
Andres,173
Andrew,469
Andrey,212
Andri,12
Andrian,9
Andrii,10
Andriy,22
Andro,7
Andrus,17
Andrzej,21
András,39
Andrè,18
André,999
Andréas,79
Andrée,6
Andrés,66
Andy,93
Anel,8
Anes,8
Ange,5
Angel,77
Angelo,140
Angelos,28
Angelov,5
Angervo,6
Angus,32
Anh,135
Anian,51
Anik,8
Anil,16
Anini,5
Anir,5
Anis,26
Anjan,7
Anna,8
Ano,147
Anon,6
Anouar,12
Anreas,7
Anrei,7
Anri,9
Ansar,5
Anse,13
Ansel,13
Anseli,13
Anselm,662
Anselmi,2874
Anselmo,32
Anselmus,10
Ansgar,9
Ansgarius,17
Anshelm,97
Anshelmi,10
Ansi,5
Ansio,19
Anskarius,9
Anssi,6882
Ansu,31
Ansumana,5
Antamo,17
Antanas,5
Antar,6
Ante,119
Anteri,40
Anterias,6
Antero,139253
Anterus,27
Anthon,107
Anthoni,12
Anthonio,25
Anthony,775
Anti,11
Antimus,5
Anto,121
Antoine,74
Anton,13051
Antone,5
Antoni,166
Antonin,9
Antonino,15
Antonio,906
Antonios,29
Antonis,21
Antonius,76
Antony,95
Antrea,14
Antreas,83
Antrei,25
Antro,7
Ants,10
Antte,76
Antti,56021
Anttijuhani,8
Anttijussi,21
Anttimatti,6
Anttipekka,16
Antto,549
Antton,2037
Anttoni,1894
Anttonio,32
Anttony,11
Anttoo,14
Anttooni,7
Anttu,163
António,11
Anuar,18
Anund,5
Anwar,96
Apo,5
Apollo,49
Apollon,12
Apostolos,10
Aqeel,10
Ara,36
Arad,5
Arafat,10
Aral,5
Aram,92
Aramis,24
Aran,33
Aras,34
Arash,42
Araya,6
Araz,18
Arben,21
Arber,14
Arbnor,16
Arbër,7
Arcene,6
Archie,9
Arcturus,5
Arda,54
Arden,7
Ardi,11
Ardian,26
Ardit,11
Are,35
Aref,12
Arel,11
Aren,18
Arend,5
Ares,24
Aret,12
Argjend,7
Arham,11
Arhi,27
Arhippa,76
Arho,86
Ari,29943
Aria,9
Arian,89
Arianit,5
Arie,13
Ariel,217
Arif,61
Arijan,5
Arijoutsi,61
Arik,8
Ariko,5
Arild,12
Arimatti,10
Arimo,696
Arin,25
Ario,18
Arion,14
Aripekka,31
Aris,18
Aristarkus,6
Aristoteles,11
Aristotelis,5
Arjan,10
Arje,10
Arjen,7
Arjo,45
Arjun,11
Arkadi,22
Arkadius,7
Arkadiusz,5
Arkady,6
Arkan,20
Arkko,14
Arko,7
Arlen,5
Arlind,15
Arlo,31
Armaan,8
Arman,125
Armand,28
Armando,81
Armani,14
Armas,16897
Armen,9
Armend,19
Armi,19
Armin,70
Armo,117
Arn,29
Arnaud,12
Arnav,6
Arndt,15
Arne,1169
Arnel,5
Arnes,5
Arnevald,5
Arni,47
Arno,618
Arnold,514
Arnon,5
Arnulf,9
Aro,42
Aron,804
Aros,6
Arpad,9
Arpia,9
Arpo,10
Arran,6
Arre,7
Arri,13
Arro,5
Arron,7
Arsalan,14
Arsen,12
Arseni,38
Arsenii,7
Arsenij,13
Arsenio,6
Arseniy,6
Arseny,14
Arshad,7
Arshan,6
Arsi,502
Arsim,11
Arska,6
Arslan,11
Arssi,16
Art,19
Artan,21
Arte,15
Artem,173
Artemi,45
Artemii,5
Artemiy,5
Arthur,1298
Artin,32
Artjom,53
Arto,18916
Arton,17
Artour,5
Artte,5
Artti,64
Artto,28
Arttu,10867
Arttur,258
Artturi,8848
Artur,928
Arturo,47
Artyom,5
Arun,24
Arve,8
Arvi,3559
Arvid,2889
Arviid,17
Arviidi,9
Arviiti,21
Arvin,38
Arvind,8
Arvo,7160
Arwid,21
Arwin,5
Arya,5
Aryan,39
Asa,36
Asaad,15
Asad,69
Asadullah,6
Asael,5
Asaf,10
Asante,6
Asare,5
Asarias,92
Asbjörn,7
Asbjørn,5
Asef,6
Asghar,10
Asher,18
Ashish,9
Ashkan,10
Ashley,11
Ashok,10
Ashraf,25
Ashton,17
Ashwin,5
Asif,17
Asil,9
Asim,10
Asir,6
Ask,5
Askal,11
Askhab,5
Asko,6296
Askold,5
Asla,168
Aslak,1509
Aslakka,5
Aslakki,11
Aslam,8
Aslan,136
Asle,5
Asmo,435
Asmund,5
Aso,19
Assad,8
Assar,42
Assari,11
Asse,12
Asseevi,5
Asser,1880
Asseri,827
Asso,5
Asterix,13
Astley,6
Asto,18
Aston,78
Astor,37
Astrit,9
Astro,8
Ata,25
Atakan,12
Atanas,12
Ate,79
Atef,18
Atem,9
Ateya,5
Athanasios,15
Athos,10
Ati,23
Atif,7
Atik,10
Atila,7
Atilla,29
Atlas,65
Atle,112
Ato,10
Aton,5
Atos,24
Atri,26
Atro,247
Atso,712
Atta,5
Atte,6649
Atti,6
Atticus,11
Attila,76
Atto,7
Attu,5
Auer,10
August,5199
Auguste,11
Augusti,382
Augustin,43
Augustine,17
Augustino,5
Augustinus,15
Augusto,46
Augustus,41
Auku,19
Aukust,49
Aukusti,9619
Auli,10
Aulis,12313
Aulo,9
Aung,14
Auno,180
Aunus,29
Aurel,13
Aureliano,6
Aurelio,29
Aurelius,40
Auri,16
Aurinko,13
Auro,9
Auron,6
Aurora,11
Aus,5
Austin,34
Auvo,1253
Avery,5
Avi,15
Aviel,7
Aviv,7
Avni,17
Avraham,12
Avram,6
Awad,25
Awat,7
Aweis,21
Aweys,10
Awil,28
Aws,6
Axel,3723
Axeli,18
Axl,46
Axu,16
Ayaan,12
Ayaanle,5
Ayad,22
Ayan,9
Ayanle,10
Ayaz,9
Aydan,5
Ayden,11
Aydin,35
Aye,7
Ayham,5
Ayhan,19
Aykut,7
Ayman,78
Aymen,6
Ayo,8
Ayobami,5
Ayodeji,7
Ayodele,11
Ayomide,11
Ayoub,39
Ayrton,13
Ayub,51
Ayuub,43
Ayyub,6
Azad,64
Azam,5
Azat,7
Azeem,5
Azeez,5
Azhar,10
Azim,7
Aziz,100
Azizullah,7
Azzeddine,5
Ba,28
Baba,5
Babak,19
Babatunde,12
Baboucarr,12
Bach,5
Bachir,8
Badal,10
Badara,5
Bader,7
Badr,14
Bahaa,9
Bahadur,18
Bahgat,5
Bahir,5
Bahman,15
Bahram,14
Bahri,9
Bai,6
Bailey,13
Bajram,17
Bakar,11
Bakari,8
Bakary,10
Baker,6
Bakhtiar,16
Baki,8
Bakir,10
Bakr,9
Balasim,5
Balder,9
Balen,7
Baltazar,6
Balthasar,8
Balázs,8
Bamidele,7
Bang,5
Bao,47
Baptiste,6
Baqer,5
Baraka,5
Baran,59
Barham,12
Baris,30
Barnabas,10
Barnabás,6
Barre,8
Barry,18
Bart,11
Bartolomeus,6
Bartosz,6
Baruch,6
Barzan,6
Bashar,20
Bashiir,21
Bashir,92
Bashkim,13
Basil,27
Basilius,31
Basim,9
Basir,8
Basita,6
Basri,9
Bassam,20
Bassem,9
Bastian,106
Bator,5
Battista,7
Batu,15
Batuhan,11
Bayram,26
Beat,7
Beau,6
Bechir,8
Beck,7
Bedirhan,11
Bedri,16
Behar,12
Behnam,13
Behrouz,5
Behzad,14
Bekim,25
Bekir,17
Belal,14
Ben,981
Benaja,8
Bence,7
Benedek,6
Benedict,62
Benedictus,10
Benedikt,46
Bengt,2242
Benhard,22
Beni,16
Beniamin,7
Benito,16
Benja,15
Benjam,865
Benjami,745
Benjamin,10692
Benji,6
Benn,10
Benne,5
Bennet,17
Bennett,11
Benni,5
Benno,17
Benny,337
Benoit,8
Bent,9
Bentley,6
Benyam,6
Benyamin,39
Berat,41
Berk,21
Berkan,8
Berkay,6
Bernard,76
Bernardo,19
Bernd,23
Berndt,380
Berner,5
Bernhard,1456
Bernt,367
Bero,8
Bert,83
Bertel,926
Berthold,9
Bertil,587
Bertram,6
Bertrand,9
Besart,18
Beshir,5
Besian,5
Besim,19
Besmir,5
Besnik,20
Bewar,5
Bharat,5
Bijan,7
Bilaal,17
Bilal,135
Bile,15
Bilel,5
Bill,56
Billy,44
Bin,26
Binh,36
Biniam,7
Binyamin,5
Bior,5
Birger,1434
Birhat,5
Birk,51
Birol,5
Bishnu,8
Bjarne,841
Bjorn,8
Björn,1688
Bjørn,15
Blair,7
Blaise,5
Blake,22
Blend,7
Blendi,9
Bleon,5
Blerim,12
Bleron,7
Blessing,9
Blue,11
Bo,1676
Bob,48
Bobby,17
Bobo,6
Boe,5
Boes,12
Bogdan,39
Bogislaus,9
Bojan,9
Boleslaw,9
Bora,11
Boran,8
Bore,28
Borhan,7
Boris,665
Bosco,6
Botan,6
Botond,7
Botvid,6
Boualem,7
Boubaker,5
Bouchaib,6
Bowen,6
Boy,20
Bradford,5
Bradley,23
Brady,6
Brage,64
Brahim,41
Brandon,88
Branko,8
Brayan,10
Brayden,7
Brendan,30
Brendon,6
Brent,7
Bret,5
Brett,17
Brian,165
Bright,6
Bronislaw,5
Brooklyn,9
Bror,1264
Brown,6
Bruce,61
Bruck,7
Bruno,648
Bruuno,35
Bryan,47
Brynolf,129
Bu,6
Bubacarr,5
Bujar,20
Burak,26
Bure,6
Burhan,36
Burim,7
Burkhard,6
Burton,5
Buster,16
Buule,6
Byron,17
Béla,20
Börge,5
Börje,1306
Bülent,19
Caesar,13
Cahit,6
Cai,26
Caijus,7
Cain,6
Caio,5
Caius,139
Caj,261
Cajus,18
Caleb,37
Calle,89
Callum,10
Calvin,45
Cameron,64
Camil,5
Camille,6
Camillo,10
Camilo,43
Campbell,20
Can,103
Caner,10
Cao,15
Carel,7
Cari,5
Carim,5
Carl,4410
Carli,5
Carlito,5
Carlo,164
Carlos,332
Carlton,5
Carmelo,15
Caro,21
Carol,23
Carolus,87
Carsten,21
Carter,7
Cary,18
Casey,14
Cash,7
Casimir,631
Casmir,19
Caspar,80
Casper,1508
Casperi,16
Caspian,175
Cassius,15
Castiel,6
Castor,27
Catalin,10
Cato,5
Cay,85
Cayden,6
Cebastian,5
Cecil,31
Cedric,87
Cedrik,35
Celal,11
Cem,26
Cemal,23
Cemil,12
Cengiz,17
Cenneth,9
Cesar,38
Cesare,7
Cevdet,5
Cevin,22
Chad,5
Chaim,7
Chaiwat,5
Chakib,6
Chan,12
Chandra,19
Chang,6
Chanh,5
Chanon,7
Charalambos,7
Charbel,7
Charl,5
Charles,571
Charlie,160
Chatchai,5
Chau,15
Chege,6
Cheikh,6
Chen,12
Cheng,19
Cherif,8
Cherno,7
Chester,7
Chi,48
Chia,9
Chibueze,9
Chibuike,7
Chibuzor,5
Chidera,11
Chidi,7
Chidiebere,7
Chidubem,8
Chigozie,9
Chijioke,7
Chika,5
Chike,8
Chima,6
Chimezie,9
Chin,5
Chinedu,17
Chinedum,7
Chinh,8
Chisom,8
Cho,5
Choi,6
Chol,9
Choman,5
Chong,6
Chris,153
Christel,5
Christen,7
Christer,2556
Christiaan,19
Christian,10293
Christiano,14
Christjan,7
Christo,13
Christof,7
Christofer,141
Christoff,7
Christoffer,1500
Christoph,66
Christophe,37
Christopher,1122
Christos,40
Chukwudi,7
Chukwuebuka,5
Chukwuemeka,16
Chukwuma,6
Chun,19
Chung,15
Cian,19
Ciaran,5
Cihan,12
Cim,7
Cimi,5
Cimraan,5
Ciprian,8
Ciro,9
Civan,6
Ciya,6
Claes,161
Clarence,18
Clarens,6
Clark,21
Clas,188
Claude,48
Claudio,62
Claudiu,5
Claudius,17
Claus,120
Clayton,10
Claës,10
Clemens,10
Clement,17
Clemente,6
Cliff,6
Clifford,23
Clifton,6
Clinton,9
Clive,5
Clyde,7
Clément,7
Coby,5
Cody,17
Cole,20
Colin,181
Collin,18
Collins,12
Colton,5
Columbus,7
Conan,10
Cong,46
Conner,5
Connor,38
Conny,275
Conor,16
Conrad,97
Constantin,86
Constantine,12
Constantinos,9
Cooper,20
Corey,6
Cornelis,39
Cornelius,33
Cosimo,10
Coskun,6
Cosmo,56
Costa,5
Courage,6
Craig,27
Crispian,5
Crispin,8
Crister,92
Cristian,884
Cristiano,35
Cristo,6
Cristobal,7
Cristofer,20
Cristoffer,35
Cristopher,19
Cruz,6
Csaba,15
Cumhur,7
Cuong,38
Curt,162
Curtis,13
Cyril,19
Cyrus,15
Cédric,10
César,13
Daahir,10
Daan,13
Daani,6
Daaniel,10
Daavid,139
Dag,115
Dage,36
Dagiro,5
Dahir,68
Dai,26
Daiki,5
Daisuke,6
Dakhil,10
Dale,15
Dalha,5
Dalmar,5
Dalton,11
Damian,117
Damiano,6
Damiel,7
Damien,158
Damir,31
Damon,22
Dan,1491
Dana,27
Dane,8
Danel,19
Dang,25
Danh,10
Dani,554
Danial,54
Daniar,9
Daniel,14511
Daniele,64
Daniil,186
Danijel,6
Danil,53
Danila,35
Danilo,32
Daniël,9
Danne,7
Danny,73
Dante,122
Dany,21
Danyal,12
Danyar,5
Danyel,6
Daoud,9
Dara,15
Darcy,6
Dardan,11
Daren,6
Darian,17
Dariel,5
Darin,59
Dario,53
Daris,9
Darius,56
Dariush,20
Dariusz,7
Darko,6
Darrell,7
Darren,27
Darshan,5
Darwin,6
Daryl,6
Daryoush,6
Dastan,12
Dat,35
Dau,5
Daud,30
Dave,52
Daven,5
Davi,17
David,1945
Davide,29
Davin,37
Davinder,6
Davis,11
Davit,5
Davood,9
Davud,7
Davut,8
Davy,15
Dawda,6
Dawid,7
Dawit,18
Dawood,12
Dawud,11
Day,5
Dayeb,6
De,20
Dean,80
Declan,14
Deep,7
Deepak,9
Deeq,10
Dejan,9
Del,5
Delil,5
Demetrius,5
Demian,24
Demir,23
Deng,18
Deni,14
Deniel,16
Denis,354
Deniss,8
Deniz,150
Dennis,774
Denny,13
Denys,10
Denzel,11
Deon,14
Derek,67
Derick,6
Derin,5
Derrick,27
Desmond,31
Desta,5
Dev,10
Devid,8
Devin,40
Devon,5
Devran,8
Devrim,8
Dewin,9
Dexter,29
Dhani,5
Di,6
Dia,6
Diaa,5
Diako,14
Diar,53
Diari,5
Dias,6
Dick,284
Didar,8
Didier,18
Didrik,35
Diego,117
Diesel,5
Dieter,41
Dietmar,5
Dietrich,14
Dieu,6
Dieudonne,5
Dija,5
Dijar,7
Dilan,23
Diler,6
Dillon,8
Dima,20
Dimi,12
Dimidri,9
Dimitar,13
Dimitri,674
Dimitrij,9
Dimitrios,54
Dimitris,17
Dimitrov,10
Din,12
Dindar,7
Dinesh,5
Ding,6
Dinh,27
Dino,59
Dio,5
Dion,38
Dionis,5
Dirk,17
Diyar,27
Djamel,8
Django,6
Dler,5
Dlovan,5
Dmitri,238
Dmitrievich,7
Dmitrii,38
Dmitrij,28
Dmitriy,12
Dmitry,172
Dmytro,25
Do,11
Doan,9
Dogan,13
Doh,7
Dome,13
Domenic,8
Domenico,21
Domi,7
Domingo,10
Dominic,379
Dominick,29
Dominicus,24
Dominik,129
Dominikus,5
Dominique,29
Don,67
Donald,98
Donart,5
Donat,6
Donato,5
Donatus,12
Dong,13
Doni,14
Donny,7
Donovan,8
Dony,8
Dorian,34
Doron,9
Douglas,93
Dragan,6
Dren,5
Drew,5
Drilon,11
Drin,6
Driss,25
Driton,11
Duale,6
Duane,6
Duc,98
Duncan,25
Dung,45
Duong,21
Duraan,7
Durim,7
Duru,5
Dustin,6
Duy,72
Dwayne,7
Dylan,141
Dánel,5
Dániel,14
Dávid,5
Earl,13
Ebbe,69
Ebbot,7
Eben,23
Ebenezer,18
Ebenhard,25
Eber,10
Eberhard,13
Ebou,7
Ebrahim,30
Ebrima,21
Ed,12
Eddi,18
Eddie,261
Eddin,8
Eddine,24
Eddy,40
Edel,18
Edem,5
Eden,24
Edgar,296
Edgard,6
Edgardo,9
Edhem,5
Edi,41
Edil,10
Edin,28
Edip,6
Edis,9
Ediz,7
Edmond,28
Edmund,92
Edo,6
Edoardo,17
Edon,15
Edouard,25
Edric,7
Edris,15
Edsel,6
Edu,5
Eduard,200
Eduardo,96
Edvald,5
Edvar,8
Edvard,5787
Edvart,94
Edvi,8
Edvin,3052
Edward,1471
Edwart,10
Edwin,459
Eeben,8
Eedi,10
Eedvard,23
Eedvart,8
Eedvin,9
Eeka,151
Eeki,60
Eele,5
Eeles,10
Eeli,4690
Eelia,23
Eelian,8
Eeliel,54
Eelis,6678
Eelo,13
Eelon,11
Eelovi,21
Eelu,10
Eemel,47
Eemeli,23009
Eemi,1694
Eemil,12999
Eemili,23
Eemin,9
Eemos,8
Eemu,122
Eeno,17
Eenok,35
Eenokki,110
Eenos,5
Eepi,42
Eepo,7
Eepu,5
Eera,13
Eeri,26
Eeric,6
Eerik,7737
Eerikki,2449
Eero,25757
Eeropekka,25
Eesau,6
Eeti,364
Eetu,15056
Eetvart,11
Eetvartti,32
Eetvi,17
Eevald,31
Eeveri,8
Eevert,2412
Eevertti,961
Eewert,17
Efe,68
Efim,6
Efosa,14
Efraim,163
Ege,17
Egert,15
Eghosa,10
Egidius,6
Egil,144
Egnar,6
Egon,65
Egor,64
Egzon,23
Eh,12
Ehab,13
Ehsan,26
Eicca,9
Eigil,8
Eihab,5
Eijo,12
Eikka,201
Eiler,31
Eilert,10
Eilif,6
Eilo,65
Eimer,5
Eimert,6
Einar,2008
Einari,10477
Einer,8
Eino,20548
Einojuhani,11
Eiric,10
Eirik,142
Eisa,8
Eitan,10
Eitel,6
Eivind,10
Eje,5
Ejnar,17
Ejvind,27
Eka,13
Eke,7
Ekene,6
Eki,116
Ekke,16
Ekko,10
Ekku,88
Eko,10
Ekow,6
Ekrem,19
El,92
Elai,5
Eldar,14
Elden,7
Eldin,21
Ele,16
Eleasar,12
Eleazar,5
Eleftherios,5
Elessar,10
Elhadi,5
Elham,5
Eli,81
Elia,1174
Eliah,59
Eliahu,8
Eliam,14
Elian,249
Elias,25602
Elie,18
Eliel,2642
Elieser,16
Eliezer,6
Eligius,7
Elija,12
Elijah,131
Elijas,46
Elim,8
Elina,5
Elio,13
Elion,21
Eliot,179
Eliott,11
Elis,1451
Elisei,8
Eliseo,6
Elja,229
Eljakim,8
Eljami,6
Eljas,2568
Ellert,13
Elliot,932
Elliott,58
Ellis,21
Elmar,58
Elmedin,6
Elmer,870
Elmeri,9117
Elmi,31
Elmin,9
Elmo,1871
Elo,364
Elof,279
Eloi,6
Elon,54
Elsayed,28
Elshiekh,5
Elton,127
Elvar,13
Elvari,5
Elvedin,5
Elvin,104
Elving,6
Elvis,290
Elwin,16
Elwood,7
Elyas,27
Elyes,5
Elías,6
Emad,24
Eman,5
Emanuel,1024
Emanuele,13
Emeka,25
Emel,17
Emenike,5
Emerick,7
Emerik,142
Emiel,24
Emil,17047
Emile,54
Emilia,6
Emilian,14
Emiliano,29
Emilien,6
Emilio,272
Emin,65
Emir,147
Emirhan,9
Emmanouil,12
Emmanuel,293
Emmanuil,14
Emmet,10
Emmett,19
Emppu,111
Emrah,21
Emran,20
Emre,158
Emrik,15
Enar,11
Endel,11
Ender,5
Endi,6
Endre,7
Endrit,12
Eneas,8
Ener,11
Enes,43
Engelbert,129
Engelbrekt,39
Engin,14
Eniola,6
Enis,33
Enki,5
Ennio,12
Enno,7
Ennu,7
Enoch,11
Enok,102
Enri,5
Enrico,69
Enrik,15
Enrike,5
Enrique,86
Ensar,23
Ensi,74
Ensio,29881
Ensiö,49
Enso,29
Enssi,8
Ensti,31
Enver,37
Enzio,30
Enzo,91
Ephraim,9
Eppe,5
Eppu,603
Era,8
Eran,7
Erasmus,54
Erblin,6
Ercan,13
Erdal,19
Erdem,15
Erdi,9
Erdogan,7
Ere,79
Eren,46
Erfan,21
Ergin,8
Erhan,12
Erhard,64
Eri,7
Eric,1950
Erich,93
Erick,36
Erik,25046
Erion,12
Eris,9
Erjo,10
Erjon,9
Erkan,36
Erki,8
Erkka,1054
Erkki,34111
Erkko,378
Erko,17
Erland,614
Erlend,6
Erling,116
Ermal,7
Ermei,5
Ermias,7
Ermin,7
Ermir,6
Ermo,75
Ernad,5
Erne,9
Ernes,5
Ernest,253
Ernesti,334
Ernesto,121
Ernfrid,101
Erni,10
Erno,1690
Ernst,610
Ernsti,6
Ero,5
Erol,42
Eron,11
Eros,15
Erpo,55
Errol,10
Ersin,11
Ertan,8
Erto,9
Ervi,6
Ervin,40
Ervo,55
Erwin,49
Esa,19959
Esad,7
Esaia,5
Esaias,486
Esaijas,5
Esajas,21
Esam,13
Esamatti,14
Esapekka,19
Esat,9
Esau,5
Esbjörn,9
Eser,6
Eskeli,17
Eskil,293
Esko,18982
Esmail,12
Esmo,5
Esosa,6
Espen,30
Esper,5
Esra,20
Essa,12
Essam,12
Esse,7
Esteban,45
Estefan,5
Esu,18
Ethan,152
Eti,8
Etienne,19
Ettore,6
Etvi,13
Eugen,538
Eugene,49
Eugenij,6
Eugenio,13
Eugén,62
Eugéne,6
Evald,596
Evan,138
Evander,5
Evangelos,22
Evans,7
Even,12
Everett,15
Everi,11
Evert,2184
Evertti,20
Evgeni,46
Evgenii,26
Evgenij,11
Evgeny,118
Evgueni,25
Evind,11
Evren,6
Ewald,41
Ewan,27
Ewen,6
Ewert,38
Eyal,13
Eymen,11
Eyob,7
Eyolf,25
Eyvind,14
Eyüp,6
Ezekiel,21
Ezel,7
Ezequiel,6
Ezra,36
Faarah,9
Fabian,564
Fabien,7
Fabio,34
Fabrice,6
Fabricio,6
Fabrizio,5
Fadel,17
Fadhil,22
Fadi,26
Fadil,24
Fady,5
Fahad,40
Fahd,8
Fahed,6
Faheem,5
Fahim,18
Fahri,9
Fahrudin,5
Faik,9
Faisal,95
Faiz,10
Fakher,7
Falah,14
Faleh,6
Fallou,6
Fang,5
Faouzi,7
Farag,6
Farah,93
Faraj,10
Fardin,9
Fareed,10
Fares,12
Farhaan,8
Farhad,45
Farhan,66
Farhang,6
Farid,52
Faris,25
Farooq,7
Farouk,16
Farshad,9
Farshid,6
Faruk,42
Farzad,18
Fatah,16
Fateh,6
Fathi,13
Fathy,5
Fatih,43
Fatlum,6
Fatmir,26
Faton,16
Fatos,12
Fattah,9
Faustin,7
Fausto,5
Fawzi,10
Faycal,5
Faysal,34
Fazal,5
Fazel,9
Federico,42
Fedi,8
Fedja,20
Fedor,38
Feeli,51
Feeliks,76
Feelis,7
Feelix,25
Feeti,10
Feetu,62
Fehmi,14
Fei,5
Feija,41
Feisal,11
Felice,6
Feliks,238
Felipe,77
Felix,1982
Femi,7
Feng,8
Fenix,22
Fenris,8
Feodor,103
Ferat,5
Ferdinand,651
Ferdinant,6
Ferenc,24
Ferhat,33
Ferid,7
Ferit,11
Feriz,6
Fernand,6
Fernando,129
Ferry,6
Festim,5
Festus,6
Fethi,8
Feudor,9
Fevzi,10
Feysal,5
Fidaim,5
Fidan,10
Fidel,30
Figo,5
Fiilus,13
Fikret,18
Filemon,168
Filip,1129
Filipe,15
Filiph,12
Filipp,48
Filippo,29
Filippos,8
Filippus,29
Filpus,5
Fingal,18
Finlay,19
Finley,20
Finn,196
Finnegan,7
Fionn,22
Firas,32
Firat,19
Fisnik,9
Fitim,12
Fitzgerald,6
Fjalar,279
Fjodor,13
Flamur,7
Flavio,12
Flego,9
Flemming,6
Florent,13
Florentin,24
Florian,88
Florim,9
Florin,6
Florio,7
Floris,5
Floyd,11
Flynn,11
Foad,6
Foday,6
Folke,395
Folkern,13
Forest,5
Fouad,46
Fox,16
Fozi,7
Fraenk,6
Franc,5
Francesco,101
Francis,183
Francisco,136
Franciscus,10
Franck,16
Franco,33
Francois,30
Frank,719
Franklin,30
Franklyn,5
Frans,3672
Frantisek,6
Franz,154
François,25
Fraser,5
Fred,221
Freddie,28
Freddy,49
Frederic,20
Frederick,101
Frederik,94
Fredi,13
Fredric,86
Fredrich,7
Fredrick,44
Fredrik,5039
Fredrikki,8
Fredy,5
Freeti,5
Frej,259
Frejvid,35
Frey,42
Freyr,5
Freyvid,7
Frid,5
Fride,30
Fridiof,5
Fridjof,5
Fridolf,138
Fridolin,13
Friedrich,86
Frithiof,47
Fritiof,79
Fritjof,58
Frits,12
Fritz,89
Frode,6
Frédéric,23
Fu,5
Fuaad,18
Fuad,56
Fuat,10
Furkan,30
Furqan,6
Fynn,9
Félix,19
Gaabriel,35
Gabor,10
Gabriel,3465
Gabriele,21
Gad,6
Gael,20
Gaetano,8
Gagan,5
Gaius,36
Gal,6
Galal,8
Gamal,12
Ganesh,7
Gang,6
Gani,14
Gard,6
Gareth,9
Garth,5
Gary,52
Gaspard,6
Gaston,19
Gaurav,7
Gavin,17
Gavriel,7
Gavriil,8
Gay,12
Gazmend,11
Gaël,6
Ge,6
Geir,19
Genc,5
Gene,9
Gennadi,36
Gennadij,6
Gennady,17
Gent,5
Gentian,7
Gentrit,7
Geo,5
Geoffrey,27
Georg,1298
George,398
Georges,58
Georgi,60
Georgiev,10
Georgii,13
Georgij,45
Georgios,96
Georgy,23
Gerald,57
Gerard,36
Gerardo,6
Gerardus,9
Gerd,13
Gergely,6
Gerhard,259
German,42
Germund,11
Gerold,5
Geronimo,12
Gerrit,10
Gerry,5
Gert,52
Gezim,9
Ghaith,5
Ghaleb,7
Ghalib,9
Gharib,10
Ghasem,5
Ghassan,18
Ghazi,16
Ghazwan,5
Gheorghe,15
Gholam,23
Ghulam,18
Gia,40
Giacomo,14
Gian,13
Giancarlo,10
Giang,5
Gianluca,10
Gianmarco,6
Gianni,12
Gibril,7
Gideon,186
Gil,11
Gilad,6
Gilbert,110
Gilberto,7
Gillis,11
Gino,14
Giordano,5
Giorgi,5
Giorgio,15
Giorgos,8
Giovanni,79
Girma,5
Giuliano,7
Giulio,19
Giuseppe,64
Gleb,43
Glen,66
Glenn,256
Godfrey,6
Godwin,6
Golam,5
Gonzalo,14
Gopal,7
Goran,32
Gordon,62
Gorgees,7
Gottfrid,197
Gottfried,18
Gotthard,51
Gottlieb,13
Graeme,9
Graham,27
Granit,12
Grant,22
Greg,7
Greger,241
Gregor,21
Gregori,10
Gregorio,18
Gregorius,35
Gregory,70
Grekorius,5
Grels,20
Grey,6
Griffin,5
Grigori,50
Grigorii,6
Grigorij,5
Grigory,21
Grim,10
Gristian,7
Grzegorz,5
Gudmund,17
Guennadi,10
Guglielmo,7
Guhad,5
Gui,6
Guido,55
Guilherme,7
Guillaume,12
Guillermo,33
Gul,6
Guled,25
Guleed,5
Gunbert,7
Gunder,46
Gunhard,14
Gunnar,4242
Gunnari,66
Gunter,8
Gunvald,21
Guo,6
Gustaf,1686
Gustav,4354
Gustave,9
Gustavo,40
Gusten,9
Guy,601
Gyula,7
György,5
Gzim,6
Gábor,15
Gérard,12
Géza,8
Gökhan,19
Göran,3231
Görgen,7
Görvald,5
Gösta,676
Göte,81
Güney,5
Günter,20
Günther,20
Ha,5
Haakon,75
Haarun,7
Haaruun,9
Haashim,6
Habib,64
Habtamu,5
Haci,12
Hadi,78
Hafid,5
Hafidh,12
Hafiz,6
Hafizullah,5
Hagen,5
Hagi,18
Hai,66
Haidar,77
Haider,35
Haiku,5
Haile,7
Haim,11
Haitham,20
Haji,22
Hakan,53
Hakeem,7
Haki,7
Hakim,72
Hakki,12
Hakon,40
Haldor,6
Halfdan,6
Halid,12
Halil,41
Halim,14
Halit,11
Halmat,7
Halti,75
Haluk,5
Halvar,12
Halvard,5
Hamad,16
Hamadi,6
Hamdan,7
Hamdi,24
Hamdy,8
Hamed,50
Hameed,13
Hamid,120
Hamidullah,9
Hamilkar,8
Hamilton,14
Hamish,15
Hamit,10
Hammad,7
Hampus,150
Hamsa,28
Hamse,30
Hamza,217
Hamzah,15
Hamze,14
Han,29
Hanad,44
Hanan,6
Handren,5
Hang,6
Hani,32
Hanif,7
Hank,6
Hanna,11
Hanne,22
Hannes,3520
Hannibal,9
Hanno,78
Hanns,7
Hannu,34428
Hans,3789
Hansi,14
Hanski,6
Hanssi,9
Hany,18
Hao,38
Haq,5
Haralambos,5
Harald,1295
Harbi,5
Harde,5
Hardi,15
Harding,15
Hardy,42
Harel,5
Harem,5
Hari,21
Haris,45
Hariton,5
Harley,25
Harold,53
Haron,17
Haroon,10
Haroun,18
Harpreet,5
Harras,75
Harri,22144
Harris,13
Harro,14
Harry,3293
Hartmut,8
Harto,143
Hartte,6
Hartti,40
Harttu,6
Hartvig,9
Haruki,5
Harun,44
Harvey,9
Hasan,247
Hasen,9
Hashem,17
Hashi,24
Hashim,70
Hashir,5
Hasibullah,5
Hasim,7
Hassan,689
Hassane,7
Hasse,109
Hassel,5
Hassen,19
Hassoon,6
Hatem,30
Hatim,6
Hau,6
Haukar,5
Haure,5
Haval,9
Havu,98
Hawal,5
Hawar,6
Hawkar,14
Hawre,6
Hay,5
Hayato,5
Haydar,23
Hayden,16
Hayder,28
Hayrettin,8
Haytham,6
Hazar,9
Hazem,9
Hazim,6
He,5
Heandarat,8
Hector,64
Hedi,17
Hege,7
Heidar,6
Heigo,5
Heiki,11
Heikka,14
Heikki,52238
Heiko,8
Heimer,64
Heimo,3845
Hein,5
Heiner,14
Heineri,6
Heino,1535
Heinrich,93
Heinz,54
Heka,8
Hektor,32
Heldur,5
Helge,1657
Helger,5
Heljo,22
Helke,36
Helle,5
Helling,6
Hellmuth,5
Helmer,965
Helmeri,480
Helmut,50
Helmuth,17
Hemen,8
Hemi,22
Hemmi,326
Hemming,410
Hemminki,403
Hemmo,794
Hemn,8
Hendri,7
Hendrik,134
Hendrikus,5
Hendrix,7
Hendry,31
Heng,5
Henk,5
Henkka,17
Henning,193
Henno,28
Henok,7
Henri,15554
Henric,70
Henrich,5
Henrick,15
Henrico,5
Henrik,35685
Henrikki,6136
Henrique,17
Henrix,5
Henry,6657
Henryk,25
Henteri,47
Henterikki,5
Hentrik,5
Hentry,7
Heppu,42
Herbert,595
Hercules,5
Heribert,25
Herkko,384
Herkules,9
Herman,4633
Hermann,154
Hermanni,8029
Hermes,14
Hernan,9
Hero,7
Herold,7
Herpertti,11
Herrick,14
Hersh,6
Hersi,9
Hesekiel,28
Hesham,13
Hesse,10
Hessu,30
Hewa,5
Hicham,26
Hideki,5
Hien,15
Hiep,13
Hieu,43
Hikmet,5
Hilal,6
Hilari,11
Hilarius,32
Hilbert,5
Hilding,464
Hille,17
Hillel,5
Hillervo,6
Hilmer,34
Hilmeri,7
Hilmi,12
Hilpas,15
Hilpi,17
Him,6
Hin,9
Hindrik,5
Hing,8
Hiro,7
Hiroshi,6
Hirsch,6
Hirsi,10
Hirvo,6
Hisham,29
Hiski,211
Hiskia,10
Hiskias,78
Hiwa,16
Hjalmar,925
Hjalmari,32
Hjalte,15
Hla,7
Ho,16
Hoa,27
Hoai,12
Hoang,110
Hocine,5
Hoi,5
Holden,6
Holger,922
Homer,5
Hong,64
Hook,5
Hope,6
Hoque,5
Horacio,5
Horatio,6
Horst,30
Hosea,5
Hosein,8
Hosni,8
Hossain,32
Hossam,9
Hossein,47
Houcine,5
Houssam,7
Howard,31
Hozan,7
Hristo,9
Hristov,8
Htet,6
Htoo,31
Hua,10
Huan,8
Huba,5
Hubert,72
Hubertus,25
Hugh,21
Hugo,4355
Hui,5
Huima,18
Humberto,14
Hunar,7
Huner,9
Hung,89
Hunor,8
Hunter,25
Huoti,5
Husain,5
Husam,18
Husamaldin,5
Huseen,11
Husein,38
Husen,5
Huseyin,5
Hussain,79
Hussam,10
Hussein,448
Hussen,11
Hussien,5
Huu,51
Huugo,284
Huuko,105
Huvi,12
Huy,62
Huynh,6
Håkan,1792
Håkon,5
Hüseyin,51
II,5
Iain,9
Iakov,8
Ian,349
Iaroslav,5
Ibn,15
Ibnu,5
Ibraahim,13
Ibragim,6
Ibraheem,6
Ibrahim,671
Ibrahima,13
Idan,8
Idir,8
Idiris,29
Idor,16
Idrees,5
Idris,67
Idriss,11
Ifeanyi,14
Iftikhar,6
Iggy,5
Ignacio,24
Ignat,7
Ignati,5
Ignatius,18
Igor,425
Igorevich,5
Ihab,24
Ihanto,7
Ihsan,18
Iidor,6
Iika,8
Iikka,1323
Iikko,10
Iipo,19
Iippo,39
Iiro,3858
Iisac,7
Iisai,24
Iisak,1129
Iisakki,5666
Iise,15
Iiska,10
Iisko,45
Iisku,6
Iivan,7
Iivana,13
Iivar,100
Iivari,4420
Iivo,949
Iivu,8
Iiwari,11
Ijaz,5
Ikaros,10
Ike,11
Ikechukwu,17
Ikenna,23
Iker,12
Iko,21
Iku,8
Ila,13
Ilai,12
Ilan,18
Ilari,13643
Ilario,5
Ilarion,6
Ildar,10
Ile,11
Ilhan,22
Ilia,58
Ilian,13
Ilias,102
Ilie,5
Ilija,12
Ilir,17
Ilja,750
Iljas,16
Ilkay,7
Ilker,9
Ilkka,14451
Illi,9
Illimar,5
Ilmar,53
Ilmari,70756
Ilmarinen,13
Ilmi,6
Ilmo,1276
Ilo,214
Ilpo,4571
Ilppo,100
Ilves,25
Ilya,85
Ilyaas,14
Ilyas,117
Ilyes,14
Imad,35
Iman,21
Imanuel,31
Imer,7
Immanuel,611
Immeri,7
Immo,309
Immu,17
Imraan,22
Imran,71
Imre,35
Inari,22
Indiana,10
Indigo,14
Indra,7
Indrek,20
Indy,6
Ingbert,8
Inge,39
Ingemar,475
Ingevald,6
Ingjald,8
Ingmar,1267
Ingo,14
Ingolf,67
Ingram,9
Ingvald,295
Ingvar,331
Ingvard,8
Inigo,5
Inko,7
Inmar,6
Inno,5
Innocent,13
Inti,9
Into,680
Ioan,27
Ioannis,52
Ion,19
Ionel,5
Ionut,7
Iosif,9
Iouri,29
Iqbal,20
Ira,7
Iraj,7
Ireneus,10
Irenius,6
Irfan,30
Irmo,5
Iro,15
Irving,9
Irwin,13
Isa,25
Isaac,158
Isaak,9
Isac,276
Isai,6
Isaiah,30
Isak,1209
Isam,12
Isaskar,7
Ise,5
Ishaaq,6
Ishak,18
Ishan,6
Ishaq,10
Ishmael,7
Isidor,106
Iska,25
Iskander,6
Isko,67
Islam,25
Isma,10
Ismaan,9
Ismael,115
Ismail,315
Ismaila,5
Isman,13
Ismar,5
Ismari,19
Ismet,35
Ismo,6879
Israel,129
Issa,26
Isse,47
Istervo,7
Isto,958
Istvan,16
Istvàn,5
István,38
Isuf,5
Itai,6
Italo,6
Itamar,6
Itzhak,6
Iurii,10
Ivalo,7
Ivan,538
Ivanov,18
Ivar,843
Iver,5
Ivo,45
Iwan,6
Iwar,6
Iyad,7
Izet,7
Jaabir,8
Jaafar,21
Jaafet,8
Jaajo,170
Jaak,5
Jaakim,7
Jaakkima,164
Jaakko,38332
Jaako,155
Jaakob,162
Jaakop,6
Jaakoppi,207
Jaale,5
Jaan,168
Jaani,309
Jaanis,7
Jaanos,6
Jaanus,23
Jaapo,11
Jaarle,7
Jaarli,17
Jaaro,7
Jabar,13
Jabbar,29
Jaber,22
Jabir,6
Jace,10
Jacek,15
Jack,377
Jackie,7
Jacky,8
Jacob,560
Jacobus,14
Jacopo,5
Jacques,63
Jacy,5
Jad,15
Jade,9
Jaden,15
Jadon,7
Jael,14
Jafar,24
Jafet,58
Jaffet,5
Jahangir,12
Jahja,7
Jahje,7
Jahn,19
Jahvet,6
Jahvetti,47
Jai,9
Jaime,45
Jair,7
Jairi,7
Jake,293
Jaki,35
Jakim,12
Jakke,117
Jakob,899
Jakov,30
Jakub,26
Jakup,5
Jalal,29
Jalava,5
Jali,244
Jalil,8
Jalle,26
Jallu,13
Jalmar,386
Jalmari,12443
Jalo,1582
Jama,108
Jamaal,8
Jamal,149
Jame,10
Jameel,6
Jamel,6
James,1127
Jami,3366
Jamie,97
Jamiel,148
Jamil,56
Jamin,11
Jamir,5
Jammi,7
Jammu,7
Jamo,9
Jamppa,8
Jamshid,10
Jan,9540
Janar,7
Janec,7
Janek,55
Jani,24136
Janiel,84
Janik,8
Janis,16
Janiv,6
Janko,15
Jann,14
Janne,30005
Janni,7
Jannick,6
Jannik,15
Jannis,31
Janno,11
Jannu,11
Janos,43
Janrik,38
Janus,40
Janusz,13
Japhet,7
Jare,655
Jared,39
Jarek,15
Jarel,6
Jari,40668
Jarimatti,11
Jaripekka,17
Jarke,7
Jarkka,9
Jarkke,6
Jarkko,12563
Jarko,216
Jarl,1223
Jarma,6
Jarmo,20476
Jarne,9
Jarno,7927
Jaro,484
Jarod,5
Jaroel,17
Jaromir,46
Jaron,59
Jaroslav,51
Jaroslaw,12
Jarre,34
Jarto,27
Jarvis,5
Jasem,11
Jaser,7
Jasi,9
Jasim,30
Jasin,55
Jasir,13
Jaska,252
Jasm,5
Jasmin,15
Jasmir,5
Jasmo,12
Jaso,42
Jaspar,12
Jasper,2922
Jasperi,258
Jasse,272
Jasser,10
Jasseri,5
Jassim,8
Jassin,8
Jassu,7
Jasu,547
Jaswinder,5
Jatro,6
Jauri,24
Javad,15
Javier,92
Jawad,24
Jawid,9
Jax,38
Jaxon,19
Jay,77
Jayden,74
Jazz,6
Jean,544
Jed,7
Jedi,61
Jedidiah,5
Jedidja,7
Jeehu,7
Jeeli,46
Jeemi,28
Jeemil,6
Jeetu,6
Jeff,25
Jeffery,7
Jeffrey,55
Jefim,7
Jegor,29
Jehki,18
Jehu,8
Jekki,6
Jekku,16
Jelisei,6
Jelmeri,38
Jemi,55
Jemias,6
Jemil,10
Jens,1112
Jensen,11
Jeppe,64
Jera,6
Jere,10759
Jered,5
Jeremi,159
Jeremia,683
Jeremiah,75
Jeremias,3580
Jeremie,15
Jeremy,226
Jeri,139
Jericho,13
Jerico,13
Jeriel,8
Jeriko,24
Jerka,5
Jerker,166
Jerkka,14
Jerkko,46
Jerko,23
Jermi,9
Jermo,13
Jermu,275
Jero,167
Jeroen,7
Jerome,125
Jerri,94
Jerry,1583
Jerzy,23
Jesaja,15
Jesper,2380
Jesperi,608
Jesse,12300
Jessie,5
Jesus,28
Jesús,9
Jeter,6
Jethro,30
Jeton,17
Jetro,312
Jevgeni,72
Jhon,10
Jhonny,14
Ji,6
Jia,12
Jian,17
Jibril,26
Jico,14
Jie,15
Jihad,9
Jii,7
Jiko,26
Jilo,5
Jim,708
Jimi,4954
Jimmi,18
Jimmie,34
Jimmy,856
Jimy,11
Jin,13
Jing,6
Jino,14
Jiri,1329
Jirka,161
Jirko,80
Jiro,151
Jiska,23
Jit,5
Jo,9
Joa,425
Joachim,633
Joacim,144
Joackim,20
Joah,14
Joakim,4727
Joakkim,9
Joan,25
Joannis,15
Joao,16
Joaquim,21
Joaquin,18
Joar,76
Joas,40
Job,9
Jobi,12
Jochen,24
Jochum,12
Jocke,16
Jockum,32
Joda,8
Joe,258
Joel,10389
Joeli,121
Joen,5
Joey,9
Jofiel,25
Johan,16628
Johanas,8
Johani,7
Johann,211
Johanna,6
Johannes,135276
Johanni,12
John,3747
Johnathan,6
Johnnie,8
Johnny,862
Johny,41
Jojo,5
Jokke,91
Jokko,6
Jolle,7
Jomi,62
Jommi,28
Jon,891
Jona,86
Jonah,104
Jonas,2751
Jonatan,1643
Jonathan,2447
Jonathon,12
Jone,250
Jones,24
Joni,15339
Joniel,9
Jonimatti,5
Jonis,7
Jonn,5
Jonne,3679
Jonni,678
Jonnie,23
Jonnu,5
Jonny,421
Jonte,21
Jontte,23
Jonttu,14
Jony,69
Jooa,1818
Jooas,26
Jooel,123
Joon,6
Joona,12076
Joonas,18196
Joonatan,7651
Joonathan,29
Jooni,8
Joonia,33
Joonis,9
Joopi,13
Joosa,46
Joose,989
Joosef,105
Joosep,8
Jooseppi,933
Joosia,23
Joosu,46
Joosua,586
Jope,6
Jopi,47
Joppe,13
Joram,7
Jordan,101
Jordi,7
Jore,57
Jorge,67
Jorgos,11
Jori,1622
Joris,12
Jorkka,5
Jorma,23402
Josa,25
Jose,969
Josef,425
Josep,11
Joseph,461
Josh,10
Joshua,424
Josi,68
Josia,50
Josiah,26
Josias,21
Joska,107
Josper,7
Josse,16
Josu,14
Josua,162
Josue,8
José,157
Jotaarkka,11
Jouka,130
Joukamo,6
Jouki,5
Jouko,18111
Jouna,45
Jouni,19125
Jousia,145
Joutsi,26
Jovan,10
Jovnna,10
Joy,11
Jozef,10
João,25
Joël,22
Jr,32
Juan,199
Judah,7
Jude,23
Juel,6
Juha,54262
Juhael,7
Juhamatti,144
Juhan,156
Juhana,8842
Juhani,287225
Juhanna,6
Juhannes,16
Juhanni,47
Juhannus,6
Juhapekka,74
Juhi,6
Juho,26692
Juhomatti,14
Juhopekka,27
Juhán,6
Juice,8
Jukka,40372
Jukkamatti,5
Jukkapekka,46
Jukke,5
Juko,24
Jules,47
Juli,9
Julia,7
Julian,621
Juliano,5
Julias,8
Julien,44
Julio,47
Julius,10446
Julle,78
Jumah,5
Jumale,5
Jun,37
Junes,7
Jung,7
Junior,270
Juniori,15
Junno,19
Junnu,92
Juno,60
Junus,5
Jupe,5
Jupiter,60
Jura,69
Juri,550
Jurii,5
Jurij,23
Jurkka,39
Jurva,10
Jusa,197
Jusef,16
Jusif,6
Juska,138
Jussa,108
Jusse,13
Jussi,22487
Jussimatti,9
Jussipekka,30
Justas,5
Justice,8
Justin,113
Justus,2137
Jusu,46
Jusuf,26
Juuda,7
Juuhan,6
Juusa,17
Juuse,124
Juuso,10624
Jymy,63
Jyrgen,5
Jyri,4490
Jyrki,9951
Jyry,176
Jysky,6
Jyväs,9
János,20
Jérémie,5
Jérôme,8
Jón,6
József,13
Jöns,7
Jöran,17
Jörg,24
Jörgen,657
Jörn,50
Jürgen,75
Jüri,37
Ka,21
Kaabriel,5
Kaafi,6
Kaaleb,14
Kaaleppi,22
Kaamos,18
Kaan,44
Kaaperi,15
Kaapo,2120
Kaappo,62
Kaapre,11
Kaapriel,53
Kaaprieli,16
Kaapro,85
Kaarel,14
Kaarl,11
Kaarle,1620
Kaarlo,9550
Kaarne,21
Kaaro,6
Kabir,9
Kacper,6
Kadar,7
Kader,16
Kadhim,20
Kadim,6
Kadir,47
Kadri,10
Kael,6
Kahiye,5
Kai,9135
Kaido,6
Kaiho,27
Kaij,5
Kaijus,24
Kaiku,40
Kaimo,18
Kain,13
Kaino,429
Kainu,5
Kaipia,8
Kaipio,7
Kais,11
Kaito,12
Kaitsu,6
Kaius,571
Kaj,4323
Kajo,24
Kajus,16
Kale,25
Kaleb,26
Kalervo,38898
Kalev,22
Kaleva,2204
Kalevi,96598
Kalevo,7
Kali,8
Kalid,15
Kallas,19
Kalle,18019
Kallepekka,7
Kallio,10
Kalvin,6
Kam,9
Kamaal,6
Kamal,83
Kamaran,10
Kamau,17
Kambiz,11
Kamel,17
Kami,17
Kamil,53
Kamran,32
Kamu,16
Kan,5
Kane,11
Kanerva,19
Kanervo,26
Kang,13
Kapo,5
Kapriel,12
Kara,7
Karam,21
Karan,14
Karar,11
Kardo,12
Kare,272
Kareem,38
Karel,90
Karem,6
Karen,9
Karhu,20
Kari,45272
Karim,432
Karimatti,10
Karipekka,13
Kariuki,7
Karl,8325
Karle,5
Karli,8
Karlis,5
Karlo,148
Karlos,68
Karma,5
Karno,5
Karo,343
Karol,28
Karolus,71
Karrar,28
Karre,5
Karri,1794
Karsten,23
Karwan,28
Karzan,13
Kasem,15
Kashif,7
Kashmir,10
Kasim,33
Kasimir,1141
Kasmir,85
Kaspar,156
Kasper,5964
Kasperi,5261
Kaspian,632
Kasra,6
Kassem,5
Kassius,15
Kassu,30
Kasten,18
Kastor,8
Kastriot,12
Kataja,5
Kauko,9639
Kaukomieli,21
Kauno,682
Kaur,5
Kauri,193
Kauro,5
Kaveh,13
Kavin,8
Kawa,23
Kay,52
Kaya,8
Kayode,11
Kazem,5
Kazi,7
Kazim,7
Kazimierz,7
Keanu,15
Kebba,12
Kees,6
Kehinde,5
Kei,5
Keijo,10239
Keimo,120
Keita,5
Keith,71
Keivan,6
Keke,9
Kelly,8
Kelpo,32
Kelvin,30
Kemal,51
Kemo,8
Ken,212
Kenan,42
Kendrick,10
Keni,55
Kenji,7
Kennedy,8
Kennet,334
Kenneth,2279
Kenny,118
Kent,515
Kenta,6
Kenth,91
Kenzo,7
Keon,5
Kerem,27
Kerim,31
Kerkko,248
Kero,9
Kerry,8
Kert,11
Kettil,12
Keung,6
Keven,5
Kevin,1318
Keyse,9
Keyvan,8
Kha,8
Khaalid,16
Khac,15
Khadar,44
Khadim,5
Khai,10
Khalaf,19
Khaled,97
Khaleel,11
Khalid,212
Khalif,22
Khalifa,10
Khaliil,5
Khalil,62
Khamis,10
Khan,28
Khang,41
Khanh,28
Khattab,7
Khelifa,6
Khiem,5
Khoa,22
Khoi,7
Kian,100
Kibet,8
Kid,11
Kide,5
Kie,18
Kien,23
Kieran,24
Kiet,19
Kilian,41
Kille,15
Killian,9
Kim,5549
Kimani,11
Kimi,1537
Kimmo,16138
Kimo,10
Kimon,7
Kin,10
King,11
Kingsley,24
Kingston,9
Kipkoech,6
Kiran,17
Kiri,15
Kiril,95
Kirill,232
Kirk,5
Kirka,27
Kirmo,54
Kit,20
Kiureli,6
Kivi,62
Kjell,1029
Klaas,5
Klaes,11
Klas,496
Klaus,2459
Klemens,17
Klemet,8
Klemetti,26
Kleo,5
Klim,11
Knud,9
Knut,406
Knuut,16
Knuutti,12
Ko,10
Koa,5
Kobe,5
Koda,21
Koffi,6
Kofi,39
Koitto,52
Kojo,14
Kolja,8
Konan,5
Konni,9
Konrad,327
Konsta,4987
Konstantin,935
Konstantinos,81
Konstantinus,5
Konstu,9
Kontio,10
Koray,6
Kornelius,9
Kosar,8
Kosma,23
Kosmo,134
Kosmos,21
Kossi,5
Kostadinov,5
Kosti,1519
Kostia,62
Kostian,11
Kotivalo,32
Kourosh,6
Kouta,22
Krasimir,5
Krenar,5
Kreshnik,6
Kris,36
Krish,10
Krishan,9
Krishna,26
Krisse,16
Kristan,5
Kriste,8
Kristen,22
Krister,2719
Kristeri,10
Kristian,53095
Kristiano,6
Kristijan,6
Kristjan,71
Kristo,265
Kristof,22
Kristofer,353
Kristoff,5
Kristoffer,1235
Kristopher,45
Kristos,7
Kron,5
Krystian,5
Krzysztof,21
Ku,6
Kuisma,374
Kujtim,7
Kuldeep,6
Kullervo,10233
Kultimo,10
Kumar,100
Kumara,5
Kunnar,15
Kunnari,77
Kuno,16
Kunto,147
Kurt,1888
Kuru,5
Kusai,6
Kushtrim,12
Kustaa,5238
Kustavi,58
Kusti,408
Kuttura,5
Kuu,18
Kuuno,29
Kuura,92
Kuutti,280
Kuzey,6
Kwabena,18
Kwadwo,10
Kwaku,19
Kwame,25
Kwami,5
Kwan,12
Kwasi,11
Kweku,14
Kwesi,15
Kwok,12
Kwong,5
Ky,6
Kyan,5
Kyaw,8
Kyle,51
Kyrö,10
Kytö,5
Kyösti,4343
Károly,7
Kåre,27
Kévin,5
Köpi,10
Kössi,18
La,8
Laban,7
Labinot,9
Lachlan,8
Ladislav,5
Lahcen,11
Lahja,38
Lahoucine,10
Lai,6
Laine,11
Laith,10
Lajos,18
Lal,8
Lalli,81
Lam,38
Lambert,18
Lamin,67
Lamine,17
Lance,7
Lancelot,10
Landon,8
Landu,5
Lang,7
Lappi,6
Larbi,12
Lare,13
Lari,1982
Larion,6
Laripekka,6
Larri,30
Larry,49
Lars,5292
Lasarus,8
Lasse,10225
Lassi,5773
Laszlo,10
Late,5
Latif,24
Launo,97
Lauren,6
Laurence,18
Laurens,8
Laurent,43
Laurentius,33
Laurenz,5
Lauri,35447
Laurie,6
Laurin,8
Lauripekka,5
Lauritsa,5
Lauritz,7
Laurus,9
Lautaro,7
Lawand,5
Lawi,8
Lawin,5
Lawrence,92
Lay,5
Layth,6
Lazaro,7
Lazim,5
Le,41
Leander,785
Leandro,18
Leandros,6
Leanteri,11
Leart,17
Ledion,12
Lee,244
Leevi,9999
Leewi,10
Lei,11
Leif,3230
Leifi,6
Leigh,9
Leijonamieli,17
Leimu,46
Leino,193
Leith,12
Lembit,12
Lemmi,13
Lemmitty,6
Lemmy,162
Lemuel,5
Len,6
Leni,24
Lenna,75
Lennard,52
Lennart,2407
Lennartti,6
Lenne,94
Lenni,3789
Lennie,11
Lenno,8
Lennon,29
Lennox,24
Lennu,75
Lenny,169
Leo,16486
Leon,1180
Leonar,5
Leonard,1800
Leonardo,367
Leonart,7
Leonartti,5
Leone,16
Leonel,161
Leonhard,34
Leonid,117
Leonidas,46
Leontius,5
Leopold,299
Leri,5
Leroy,24
Leslie,26
Lester,10
Leung,5
Leutrim,7
Lev,64
Levan,6
Levent,16
Levente,15
Levi,336
Levin,10
Levis,7
Levon,6
Lewi,7
Lewis,48
Lex,19
León,23
Li,16
Liam,854
Liang,13
Lias,14
Libaan,5
Liban,73
Liekki,15
Liem,5
Lieto,6
Liiam,5
Liibaan,30
Liiban,28
Liinus,167
Liius,11
Lillebror,27
Lin,16
Lincoln,8
Linh,14
Lino,31
Linus,1397
Lio,12
Lion,48
Lionel,199
Lior,15
Lippo,69
Liridon,11
Litti,5
Liu,6
Lloyd,26
Lo,14
Loa,8
Loai,6
Loc,8
Loe,5
Logan,35
Loghman,5
Loi,8
Loimu,11
Loisto,5
Lok,9
Loke,29
Loki,9
Lokman,6
Long,70
Loran,9
Lore,8
Loren,8
Lorens,22
Lorent,6
Lorentz,63
Lorenz,83
Lorenzo,83
Lorik,13
Loris,10
Lotfi,21
Lothar,17
Lou,9
Loui,18
Louie,32
Louis,230
Love,65
Lowe,26
Lu,6
Luan,30
Luay,10
Luc,23
Luca,1930
Lucas,2716
Lucian,16
Luciano,34
Lucien,22
Lucio,7
Lucius,17
Lucjan,5
Lucky,10
Ludovic,11
Ludovico,7
Ludvig,484
Ludvik,10
Ludwig,168
Luigi,24
Luis,238
Luiz,14
Luja,9
Luka,3275
Lukas,2411
Lukasz,6
Luke,198
Lukman,8
Lulzim,13
Lumi,15
Lumo,18
Lun,5
Luna,6
Luqmaan,8
Luqman,40
Luther,7
Luucas,15
Luuka,19
Luukas,3140
Ly,12
Lyly,26
Lynn,5
Lyon,9
Lászlo,6
László,35
Léo,37
Léon,43
Lütfi,5
Maahir,16
Maalik,5
Maamar,5
Maario,6
Maarten,12
Mabrouk,8
Mac,14
Maciej,12
Mackenzie,7
Maco,7
Maddox,7
Madis,9
Mads,8
Mael,7
Magan,5
Magdi,13
Magdy,10
Magne,15
Magnus,2455
Magnús,5
Magomed,5
Mahad,112
Mahamad,7
Mahamed,334
Mahamoud,6
Mahamud,107
Mahamuud,17
Mahbub,6
Mahdi,133
Mahdy,5
Maher,32
Mahesh,9
Mahin,5
Mahir,42
Mahmod,9
Mahmood,34
Mahmoud,142
Mahmud,34
Mahmut,19
Mahol,5
Mahti,5
Maik,6
Maikel,6
Maininki,11
Mainio,452
Maitham,5
Majd,7
Majed,16
Majeed,12
Majid,37
Majok,7
Makar,16
Make,18
Maker,5
Maki,7
Makki,5
Maks,23
Maksi,5
Maksim,299
Maksimilian,21
Maksimus,33
Maksym,8
Maksymilian,5
Malachi,9
Malakai,11
Malakia,7
Malakias,161
Malcolm,46
Malcom,5
Malek,30
Malick,9
Malik,111
Malkus,7
Malte,89
Maltti,11
Mamadou,18
Mamady,5
Mamdouh,13
Man,18
Mana,5
Manasse,33
Manfred,74
Manfrid,8
Manh,28
Mani,9
Manjit,6
Manne,285
Manni,10
Mano,18
Manoj,12
Manolis,11
Manolito,7
Mansoor,10
Mansour,18
Mansur,16
Mansuur,5
Manu,1880
Manuel,823
Maqsood,5
Mara,14
Marat,19
Marc,240
Marcel,130
Marcelino,9
Marcell,10
Marcello,22
Marcelo,32
Marcin,19
Marco,957
Marcos,83
Marcus,2472
Mardin,9
Marek,133
Margo,16
Margus,29
Maria,50
Marian,24
Mariano,25
Marie,50
Marin,8
Marino,21
Marinus,12
Mario,262
Marion,5
Marios,27
Marius,727
Mariusz,7
Mariwan,12
Mark,705
Markko,77
Markku,39101
Markkus,16
Marko,29635
Markos,51
Markus,43445
Marley,17
Marlo,110
Marlon,119
Marno,18
Maro,5
Marouan,5
Marques,5
Mars,6
Marsel,6
Marshall,13
Mart,25
Marten,11
Marti,9
Martialis,6
Martimo,12
Martin,3790
Martino,16
Martins,7
Martinus,18
Martti,25103
Marttiin,7
Marttiini,5
Marttin,17
Maruan,5
Maruf,7
Marvel,5
Marvin,48
Marwaan,9
Marwan,58
Marwin,8
Masa,75
Masaki,7
Masao,8
Masar,5
Mascuud,11
Masi,303
Masih,5
Maslah,10
Masood,14
Masoud,22
Massimiliano,5
Massimo,36
Master,14
Masud,22
Masuud,8
Matan,6
Matar,5
Mateen,6
Matei,5
Matej,9
Mateo,119
Mateus,41
Mateusz,16
Matheo,92
Matheus,20
Mathew,25
Mathias,2465
Mathieu,17
Mathis,8
Mathéo,7
Mati,8
Matias,63847
Matin,17
Matius,7
Matjus,9
Mats,2045
Matt,25
Matte,17
Matteo,199
Matteus,366
Mattheus,8
Matthew,365
Matthias,230
Matthieu,15
Matti,81189
Mattia,26
Mattias,2209
Mattis,41
Matts,565
Mattus,15
Matvei,89
Matvej,9
Matvey,28
Matz,7
Matías,6
Mauno,5443
Maunu,450
Maunus,13
Mauri,9616
Maurice,60
Mauricio,32
Maurits,321
Mauritsi,8
Mauritz,724
Mauriz,47
Maurizio,12
Mauro,41
Maverick,11
Max,4721
Maxamed,6
Maxence,5
Maxi,18
Maxim,436
Maxime,44
Maximiliam,20
Maximilian,868
Maximiliano,12
Maximilien,13
Maximilliam,8
Maximillian,55
Maximo,17
Maximus,362
Maxmilian,12
Maxwell,70
Mayow,5
Mazen,10
Mazhar,8
Mazin,13
Mazlum,6
Maël,7
Mbugua,5
Mburu,5
Md,86
Med,7
Meelis,22
Mehdi,112
Mehmed,6
Mehmet,216
Mehran,19
Mehrdad,7
Meir,14
Mekonnen,9
Melcher,5
Melchior,15
Melih,11
Melik,13
Melker,121
Melvin,264
Melwin,72
Memet,5
Meng,7
Mensah,7
Mentor,14
Meo,23
Mergim,27
Merkurius,6
Merlin,27
Merri,15
Mert,80
Mertsi,411
Mertzi,17
Mervan,5
Mesfin,9
Messi,6
Mesut,20
Mete,22
Metehan,5
Metin,39
Mhamed,5
Mica,29
Micael,618
Micah,36
Micci,6
Micha,9
Michael,4526
Michail,29
Michal,34
Michalis,9
Michaël,10
Micheal,10
Michel,232
Michelangelo,8
Michele,43
Michell,9
Mici,67
Mick,28
Mickael,81
Mickaël,5
Micke,185
Mickel,27
Mickey,19
Micki,6
Micky,21
Miclas,14
Mico,1346
Micolas,5
Micu,7
Midas,8
Mido,5
Mielo,7
Mies,99
Mietti,5
Migael,13
Migel,5
Miguel,226
Miha,5
Mihael,24
Mihai,20
Mihail,295
Mihalis,10
Mihhail,21
Mihka,18
Mihkal,15
Mihkel,28
Mihkkal,7
Mihkku,10
Mihku,16
Mihály,9
Miica,9
Miico,5
Miihkali,69
Miika,8772
Miikael,696
Miikail,5
Miikka,5033
Miikkael,819
Miikkali,7
Miikko,7
Miikku,7
Miikkula,6
Miiko,216
Miiku,16
Miikus,10
Miilo,40
Miio,295
Miiro,169
Miitrei,14
Miitri,48
Miitro,7
Mijo,6
Mika,36575
Mikael,103632
Mikaeli,98
Mikail,122
Mikalis,7
Mikaël,17
Mike,243
Mikel,25
Mikhael,20
Mikhail,248
Miki,562
Mikis,6
Mikk,9
Mikka,12
Mikkal,13
Mikke,407
Mikkel,47
Mikkeli,10
Mikki,116
Mikko,45517
Mikla,6
Miklas,196
Miklo,7
Miklos,43
Miklós,8
Miko,3000
Mikolaj,6
Mikolas,14
Mikos,8
Miksu,8
Miku,139
Mikuel,8
Milad,46
Milan,190
Milco,8
Mile,5
Milen,5
Mileon,5
Miles,49
Miliam,14
Milian,49
Miljo,8
Milko,126
Mille,9
Miller,5
Milo,1508
Milon,10
Milos,36
Milot,11
Miloud,5
Milton,295
Min,21
Mina,5
Ming,33
Minh,237
Mino,58
Minoru,8
Minos,5
Mio,790
Miquel,7
Mir,23
Mirac,10
Miran,39
Miraç,8
Mircea,6
Mirco,28
Mirek,8
Mirhat,5
Mirka,35
Mirko,560
Miro,6257
Miroel,11
Miron,65
Miroslav,40
Miroslaw,10
Mirsad,15
Mirwais,9
Mirza,25
Miró,7
Misa,144
Misael,68
Misca,37
Mischa,21
Misha,42
Mishka,16
Miska,3551
Misko,8
Miso,58
Mitchell,20
Mitja,350
Mitjo,13
Mitri,41
Mitro,178
Mixu,8
Mladen,6
Moalim,11
Moalin,9
Mobin,5
Modou,17
Moe,8
Moh'd,6
Mohamad,124
Mohamed,2407
Mohamedamiin,6
Mohammad,625
Mohammadreza,5
Mohammed,644
Mohamoud,21
Mohamud,265
Mohamuud,8
Mohan,13
Mohanad,10
Mohd,11
Mohiadin,8
Mohid,5
Mohsen,41
Mohsin,12
Moise,13
Moises,9
Mojtaba,11
Mokhtar,19
Momodou,17
Mon,7
Moncef,5
Monir,10
Monty,5
Moose,9
Mooses,105
Morad,20
Morannal,5
Mordechai,7
Morgan,144
Morgen,7
Moris,8
Morits,9
Moritz,136
Moriz,5
Morris,219
Mortaza,10
Morten,36
Morteza,14
Mortimer,47
Mortti,50
Mose,11
Moses,56
Moshe,12
Mosku,12
Mostafa,78
Mouad,5
Mouhamed,7
Moulay,5
Mouldi,5
Mounir,18
Mourad,19
Mousa,12
Moussa,14
Moustafa,19
Mowlid,16
Mowliid,7
Mpho,7
Mu,5
Muaad,17
Muad,18
Muadh,5
Muamer,9
Muayad,9
Mubarak,40
Mubarik,12
Mubashir,18
Mucaad,8
Muhamad,24
Muhamed,113
Muhamet,10
Muhammad,410
Muhammed,168
Muhammet,12
Muhamud,6
Muhanad,7
Muhannad,17
Muharrem,16
Muhiadin,17
Muhsin,22
Muhudiin,9
Muhudin,10
Muhumed,19
Muisto,86
Mujtaba,5
Mukhtaar,7
Mukhtar,24
Muktar,19
Mumin,25
Munasar,16
Munir,19
Muntadar,5
Muntadher,5
Muntather,5
Muqtar,8
Murad,30
Murat,86
Mursal,22
Mursel,5
Murtada,12
Murtatha,6
Murtaza,10
Mus'ab,7
Musa,108
Musab,40
Muscab,18
Musdaf,7
Muse,24
Muslim,29
Mussa,6
Musse,46
Mustaf,35
Mustafa,335
Mustafe,37
Mustapha,64
Muuse,20
Muzaffer,10
Mwangi,6
My,5
Mykola,10
Myles,5
Myo,5
Myrsky,262
Myytti,8
Máhtte,6
Márton,12
Mátyás,6
Máté,5
Märt,5
Måns,137
Mårten,412
Naatan,10
Naattan,6
Naava,5
Nabai,5
Nabaz,11
Nabeel,16
Nabi,11
Nabiil,13
Nabil,92
Nadav,5
Nadeem,14
Nader,32
Nadhim,5
Nadim,12
Nadir,28
Naeem,7
Nael,17
Nagib,6
Nahom,9
Nahuel,14
Naif,7
Nail,5
Naim,28
Najeeb,6
Najem,5
Naji,10
Najib,26
Najiib,8
Najim,12
Nali,12
Nalle,59
Nam,56
Naman,5
Namir,12
Namo,9
Nan,5
Nana,31
Nando,23
Nandor,14
Nante,12
Nanto,5
Nantte,8
Napat,5
Naphat,6
Napoleon,36
Narayan,13
Nart,5
Naseer,8
Naser,33
Nasim,30
Nasir,55
Nasri,7
Nasser,26
Nassim,12
Nassir,8
Natael,5
Natan,24
Natanael,121
Nataniel,22
Nate,10
Nathan,199
Nathanael,61
Nathaniel,132
Nather,6
Natnael,5
Natthaphon,10
Natthaphong,7
Naveed,5
Naveen,5
Navid,14
Nawin,5
Nawras,6
Nawzad,5
Nay,8
Nazar,19
Nazir,12
Nazmi,8
Ndegwa,5
Nebi,5
Ned,5
Nedal,5
Nedim,12
Nedzad,11
Neel,7
Neemo,5
Neeo,9
Neeri,7
Neero,7
Negash,6
Nehat,8
Nehemia,21
Nehemiah,5
Nehemias,15
Neil,52
Neko,9
Nels,6
Nemanja,6
Nemo,248
Nenad,8
Neo,574
Nermin,8
Nero,11
Nessim,5
Nesta,19
Nestor,578
Nestori,2693
Netanel,5
Neville,11
Nevin,5
Nevzat,11
Newton,8
Nexhat,8
Nghi,5
Nghia,17
Ngo,5
Ngoc,65
Nguyen,32
Nhan,13
Nhat,39
Nhu,11
Nhut,19
Niall,9
Nic,13
Nicanor,5
Nichlas,34
Nicholai,6
Nicholas,1058
Nici,45
Nick,95
Nicke,58
Nicki,6
Nicklas,527
Nicko,5
Nickolas,12
Nicky,90
Niclas,1020
Nico,3213
Nicodemus,29
Nicol,5
Nicola,32
Nicolaas,6
Nicolae,13
Nicolai,119
Nicolaj,5
Nicolas,1228
Nicolaus,10
Nicolás,26
Nicolò,6
Nicoló,6
Nidal,7
Niels,47
Nietos,36
Nigel,11
Nihad,9
Nihal,8
Nihat,13
Nii,11
Niikka,9
Niikko,11
Niiko,6
Niikus,5
Niila,851
Niilas,177
Niiles,91
Niillas,17
Niilo,10191
Niio,5
Nik,6
Nika,6
Nikander,5
Nikanor,126
Nike,8
Nikeforus,7
Nikhil,10
Niki,1092
Nikita,376
Nikitas,8
Nikke,294
Nikki,33
Nikko,32
Nikla,7
Niklas,9856
Niklaus,18
Niko,18539
Nikodeemus,27
Nikodemus,339
Nikoel,5
Nikola,61
Nikolaev,5
Nikolai,4769
Nikolaj,75
Nikolaos,99
Nikolas,1541
Nikolaus,114
Nikolay,69
Nikos,20
Niku,120
Niky,5
Nil,5
Nilla,44
Nilo,46
Nils,3122
Nima,40
Nimrod,8
Nino,391
Ninos,5
Nio,16
Nipa,20
Nir,7
Niran,8
Nirmal,9
Niro,23
Nisse,57
Niyazi,5
Nizam,6
Nizar,14
Njuguna,8
Nnamdi,8
Noa,828
Noah,1151
Noak,17
Noam,49
Noar,15
Noe,11
Noel,3205
Noeli,17
Nolan,42
Noman,6
Nooa,3008
Nooah,5
Nooh,5
Nooke,13
Noor,30
Noori,6
Nor,11
Norbert,30
Norman,60
Norton,6
Nouh,10
Nour,25
Noureddine,24
Nousia,9
Nova,15
Noé,22
Noël,24
Nsimba,6
Nuh,10
Nuka,30
Num,5
Numan,6
Nuno,36
Nur,84
Nuradin,7
Nurettin,5
Nuri,17
Nurul,5
Nurullah,5
Nusret,6
Nuuh,7
Nuuk,11
Nuur,35
Nuuti,103
Nuutti,2620
Nyrki,12
Nyyrikki,57
Nyyti,8
Nzar,5
Obadias,5
Obaid,7
Obaidullah,5
Obed,6
Obelix,5
Oberon,6
Obi,9
Obinna,21
Ocean,9
Octavian,5
Octavio,10
Oday,7
Odd,15
Oddvar,5
Ode,5
Oden,6
Odert,54
Odhiambo,5
Odin,131
Ofek,5
Oghosa,5
Oguz,8
Oguzhan,6
Ohto,430
Oisín,6
Oiva,5837
Oka,9
Okan,17
Oke,57
Okechukwu,5
Oki,37
Okke,12
Okko,943
Okku,7
Oktay,15
Oku,18
Ola,398
Olad,10
Oladayo,5
Olaf,59
Olai,31
Olakunle,7
Olalekan,13
Olamide,7
Olaniyi,5
Olanrewaju,10
Olari,7
Olatunde,10
Olaus,24
Olav,737
Olavi,143927
Olawale,8
Olayemi,6
Ole,906
Oleg,282
Oleksandr,30
Oleksi,33
Oleksiy,9
Olev,6
Olisa,5
Oliver,15985
Oliveri,26
Olivier,95
Olivér,7
Oliwer,144
Olle,301
Olli,18429
Ollie,19
Ollijuhani,6
Ollimatti,21
Ollipekka,71
Olliver,13
Olmo,5
Olof,3370
Olov,96
Olti,5
Olufemi,9
Olugbenga,5
Olukayode,5
Olusegun,8
Oluwademilade,5
Oluwasegun,6
Oluwaseun,7
Oluwaseyi,6
Oluwatobi,6
Oma,80
Omar,717
Omed,13
Omer,72
Omid,51
Omondi,7
Omran,12
Omri,6
One,5
Onerva,13
Onervo,9
Onni,22497
Onnimanni,20
Onnipekka,13
Ontrei,24
Onur,36
Onyeka,7
Oo,12
Ooke,7
Opeyemi,7
Opri,7
Optatus,11
Or,8
Ora,50
Oras,37
Oren,11
Orestis,5
Orges,6
Orhan,35
Orion,56
Orjo,14
Orko,9
Orlando,45
Orma,11
Orpo,6
Orri,6
Ortamo,13
Orvar,21
Orvo,491
Osa,6
Osagie,7
Osama,30
Osamah,10
Osborne,5
Oscar,3519
Oscari,27
Osean,5
Osei,9
Osiris,5
Oska,18
Oskar,5851
Oskari,37220
Oski,17
Osku,482
Osma,48
Osman,280
Osmi,10
Osmo,6937
Oso,11
Osse,9
Ossi,7391
Ossian,2198
Osvald,735
Osvaldo,11
Osvi,9
Oswald,115
Otakar,10
Otava,713
Othman,19
Otieno,13
Otis,13
Otmar,12
Otniel,5
Otra,7
Otro,11
Otso,3875
Ottar,6
Otte,5
Otto,13965
Ottoville,5
Ottu,10
Oula,879
Oulas,17
Oumar,8
Ousainou,5
Ousman,21
Ousmane,7
Oussama,6
Outa,8
Outi,19
Ove,760
Ovidiu,6
Ovllá,8
Owe,34
Owen,62
Owusu,7
Ozan,15
Ozzi,5
Ozzy,11
Pa,9
Paaso,6
Paavali,2799
Paavo,17485
Pablo,122
Paju,25
Pal,5
Pallas,6
Palle,7
Pami,19
Pan,11
Panagiotis,23
Panajotis,7
Panteleimon,7
Pantelis,6
Panu,2536
Paolo,99
Papu,12
Paris,17
Parker,5
Parviz,9
Pascal,22
Pasi,19313
Pasquale,6
Pate,35
Patric,255
Patrice,6
Patricio,24
Patrick,2414
Patrik,7148
Patrikki,10
Patryk,10
Patu,16
Pau,12
Paul,3371
Pauli,14222
Paulino,5
Paulo,74
Paulus,971
Pauno,87
Pave,11
Pavel,400
Pavlo,11
Pavlos,19
Pavlovich,7
Paw,8
Pawel,28
Pax,5
Payman,5
Peder,88
Pedram,15
Pedro,139
Peer,5
Peeta,5
Peeter,50
Peeti,26
Peetja,5
Peetro,12
Peetter,34
Peetu,2486
Peetus,6
Pehr,131
Peik,274
Peikko,20
Peiman,6
Peippo,5
Peitsa,35
Peivas,5
Pejk,7
Pekka,79207
Pekki,9
Pekko,592
Pele,7
Pelle,24
Pellervo,3493
Pena,14
Peng,7
Penja,13
Penjami,80
Penjamin,5
Penna,26
Pentti,28228
Penuel,5
Peo,8
Pepe,129
Peppe,8
Per,1841
Pera,7
Percy,7
Pero,5
Perparim,6
Perry,15
Pertteli,52
Pertti,20008
Perttu,2933
Perttuli,36
Perttyli,14
Pessi,273
Petar,18
Pete,343
Peter,8074
Peteri,14
Pether,11
Petja,616
Petka,10
Petr,67
Petri,36987
Petrik,99
Petrikki,7
Petrit,10
Petro,345
Petros,44
Petrov,13
Petru,5
Petrus,1269
Petruska,6
Pette,14
Petter,1940
Petteri,73446
Petu,18
Peyman,8
Pham,8
Phat,23
Phi,25
Philip,605
Philipp,65
Philippe,97
Phillip,32
Phoenix,15
Phong,58
Phu,18
Phuc,35
Phung,10
Phuoc,24
Phuong,25
Piera,16
Pierce,6
Piero,8
Pierre,104
Pietari,3646
Pieter,17
Pieti,100
Pietro,73
Pietu,387
Pii,7
Piko,14
Ping,8
Piotr,44
Pirkka,370
Pius,7
Pjotr,14
Platon,17
Poe,6
Pohto,20
Poika,104
Poju,61
Pokko,8
Polus,6
Ponteva,26
Pontus,559
Popi,5
Poul,9
Pouria,6
Pouta,10
Pouya,6
Prakash,14
Prasad,33
Pravin,7
Predrag,5
Prem,8
Preston,12
Priit,7
Primus,5
Prince,52
Probus,5
Prosper,8
Puja,10
Puro,7
Putte,15
Pyry,3754
Päiviö,2907
Päivö,81
Pär,139
Pärttyli,47
Pål,10
Péter,22
Qaasim,8
Qadar,5
Qader,9
Qadir,7
Qais,6
Qalif,5
Qasem,10
Qasim,21
Qassim,8
Qays,9
Qendrim,6
Qi,7
Qiang,6
Quan,20
Quang,92
Quentin,17
Quincy,6
Quinn,13
Quoc,81
Qusay,6
Quy,18
Raad,21
Raafael,219
Raafat,7
Rabah,6
Rabbe,165
Rabi,5
Rabih,9
Rachid,60
Radhi,6
Radi,10
Radomir,7
Radoslaw,5
Radouane,6
Radu,9
Rae,16
Raed,23
Rafael,5387
Rafail,5
Rafat,5
Rafaël,5
Rafe,6
Raffael,5
Raffaele,20
Raffaello,7
Rafi,20
Rafik,24
Rafiqul,5
Ragab,6
Rage,10
Ragip,7
Ragnar,940
Ragnvald,130
Rahand,7
Raheel,7
Raheem,13
Rahim,56
Rahman,68
Rahul,17
Rai,15
Raid,8
Raido,7
Raif,10
Raihan,6
Raikas,92
Raikko,35
Raiko,14
Raiku,6
Railo,10
Raimo,20604
Raimond,42
Raimund,8
Rain,22
Rainar,5
Raine,1386
Rainer,6807
Raineri,478
Rainier,13
Raino,598
Raito,8
Raivo,14
Raiyan,5
Raj,26
Raja,10
Rajan,12
Rajesh,6
Rajiv,7
Raju,7
Rakesh,7
Raku,6
Ralf,1643
Ralph,109
Ram,30
Rama,10
Ramadan,29
Raman,19
Ramazan,39
Rambo,7
Ramesh,13
Rami,3684
Ramiar,11
Ramil,11
Ramin,64
Ramiro,9
Ramiz,11
Ramo,7
Ramon,64
Ramos,7
Ramsay,5
Ramses,62
Ramsey,5
Ramtin,7
Ramy,8
Ramyar,7
Ramzi,26
Ramón,10
Ran,7
Rana,7
Randall,13
Rando,10
Randolf,12
Randolph,12
Randy,20
Rane,32
Rani,25
Ranjit,13
Ransu,15
Raouf,8
Raoul,156
Raphael,103
Raphaël,31
Rasa,6
Rashad,9
Rashed,11
Rasheed,20
Rashid,65
Rasim,11
Rasmus,8442
Rasoul,8
Rasul,14
Rauf,17
Raul,281
Rauli,1419
Raune,7
Rauni,224
Rauno,7686
Rautia,10
Ravi,14
Ravil,6
Ravindra,7
Rawand,8
Ray,152
Rayan,113
Rayane,7
Rayen,9
Raymond,285
Rayyan,8
Raza,18
Raúl,14
Rebaz,13
Rebin,24
Rebwar,22
Recep,9
Reco,7
Reda,33
Reddy,15
Redon,6
Redouane,7
Reece,7
Reed,6
Reemi,11
Reemus,13
Reeo,5
Reeti,106
Reetrikki,23
Reettu,7
Reetu,88
Refik,5
Reginald,11
Rego,7
Reguel,35
Reh,102
Rehan,11
Rei,16
Reid,6
Reidar,108
Reijo,17754
Reima,2189
Reimo,25
Reimond,7
Rein,34
Reine,19
Reiner,5
Reinhard,35
Reinhart,5
Reinhold,500
Reini,37
Reino,9812
Reipas,33
Reiska,6
Reitto,7
Reittu,34
Rejan,6
Reko,638
Remi,126
Remo,48
Remu,209
Remus,39
Remy,39
Remzi,13
Ren,10
Renaldo,6
Renas,10
Renat,10
Renato,17
Rene,669
Renee,10
Reni,20
Renne,275
Renni,22
Renny,94
Reno,12
Rento,10
Renzo,5
Renè,7
René,340
Reo,13
Repe,18
Repo,13
Resat,8
Resul,8
Reto,10
Retu,48
Reuben,18
Revontuli,12
Rex,31
Rey,16
Reza,127
Rezgar,7
Rhys,15
Riad,29
Riadh,5
Rian,18
Ribert,5
Ricard,7
Ricardo,199
Riccardo,36
Richard,2677
Richardo,18
Richart,16
Richmond,6
Rick,31
Rickard,346
Rickhard,228
Rickhart,9
Ricky,58
Rico,233
Ricu,9
Rida,19
Ridha,13
Ridvan,11
Ridwaan,11
Ridwan,34
Riemu,5
Rieti,28
Rifat,8
Rigder,5
Riggert,9
Righard,17
Rihard,5
Riho,11
Riiko,64
Riio,5
Rikard,165
Rikardo,7
Rike,5
Rikhard,4026
Rikhart,66
Rikhartti,5
Riki,110
Rikke,8
Riko,92
Riku,8549
Rikumatti,12
Rikupekka,5
Riley,17
Rinaldo,98
Ring,7
Ringo,26
Rino,37
Rinor,17
Rio,82
Rion,13
Rishi,6
Risse,6
Ristian,7
Risto,21481
Ristomatti,60
Ritter,5
River,36
Riyadh,7
Riza,14
Rizgar,9
Rizwan,6
Roald,29
Roan,8
Robbie,25
Robby,5
Rober,6
Roberd,8
Robert,7106
Roberth,16
Robertino,157
Roberto,254
Roberttino,5
Robi,75
Robin,2805
Roble,5
Roby,7
Robyn,5
Rocco,24
Rock,11
Rocky,25
Roderick,15
Roderik,6
Rodi,39
Rodin,9
Rodion,25
Rodney,21
Rodolfo,22
Rodolphe,5
Rodrigo,35
Rodrigue,5
Roel,6
Roger,1688
Rogert,19
Rohan,28
Rohat,7
Rohit,8
Roi,134
Roihu,22
Roine,75
Roini,5
Roj,8
Rojhat,5
Rok,5
Roki,17
Roland,707
Rolando,9
Rolf,2057
Rolle,120
Rollo,9
Roma,8
Romain,9
Roman,362
Romano,14
Romario,6
Romeo,718
Romet,8
Romi,49
Romulus,5
Roméo,8
Ron,200
Ronald,235
Ronaldo,27
Ronan,31
Ronel,5
Rong,5
Roni,4758
Ronie,7
Roniel,8
Ronin,11
Ronit,5
Ronn,6
Ronni,46
Ronnie,273
Ronny,469
Rony,276
Roo,13
Roobert,105
Rooble,7
Roomeo,33
Roope,6814
Roopert,25
Roopertti,63
Rope,5
Ropert,5
Ropi,19
Roque,5
Rory,17
Rosario,6
Roshan,15
Ross,46
Rossi,9
Rostam,6
Rostislav,17
Rouslan,5
Routa,7
Rowan,14
Roy,859
Royce,7
Rrahim,5
Rron,7
Ru,6
Ruben,653
Rubert,11
Rubin,7
Rubén,8
Rude,5
Rudi,110
Rudolf,1136
Rudolph,9
Rudy,34
Rufus,173
Rui,21
Runar,615
Rune,688
Runo,101
Rupert,21
Rurik,286
Ruska,20
Ruslan,76
Russell,27
Rustam,7
Ruu,33
Ruuben,107
Ruubert,8
Ruudolf,36
Ruuno,8
Ruupe,6
Ruupert,12
Ruupertti,12
Ruurik,15
Ruurikki,11
Ruuti,5
Ruwan,5
Ryan,208
Ryder,11
Rymy,9
Ryszard,15
Ryu,6
Rzgar,5
Rémi,11
Rémy,7
Róbert,7
Rüdiger,8
Sa'ad,6
Saabir,18
Saacid,6
Saad,82
Saadaq,8
Saadoon,6
Saami,5
Saamo,6
Saamuel,14
Saarni,29
Sabah,30
Saban,8
Saber,16
Sabih,6
Sabir,21
Sabit,15
Sabri,28
Sacha,33
Sacharias,8
Sachin,5
Sadat,6
Saddam,6
Sadek,10
Sadeq,10
Sadi,10
Sadiiq,7
Sadik,25
Sadiq,21
Sadredin,9
Sadri,5
Saed,13
Saeed,60
Saeid,13
Safa,11
Safaa,10
Safet,20
Safi,7
Safin,11
Safwan,15
Safwat,7
Sagar,5
Sager,9
Sahal,11
Sahand,10
Sahel,8
Sahib,7
Sahid,7
Sahil,10
Sahin,11
Sahir,5
Sai,14
Said,312
Saied,10
Saif,33
Saiful,11
Saihou,5
Saiid,15
Saikou,10
Saim,5
Saimon,5
Sainey,8
Sait,6
Sajad,9
Sajid,7
Sajjad,7
Sakari,65083
Sakaria,43
Sakarias,830
Sakarie,10
Sakariya,7
Sakariye,50
Sakarja,9
Sake,5
Sakeus,21
Saki,15
Sakke,170
Sakkeus,15
Sakri,39
Sakris,5
Saku,4344
Salaad,24
Salad,35
Saladin,7
Salah,83
Salam,29
Salama,102
Salamo,9
Salamon,5
Salar,23
Saleban,20
Saleem,14
Saleh,61
Salem,46
Salif,5
Salih,51
Salim,66
Salmaan,22
Salman,65
Salo,14
Salomo,507
Salomon,1366
Salomoni,26
Salu,12
Salvador,36
Salvatore,37
Sam,609
Samad,6
Samae,10
Samael,15
Saman,39
Samar,8
Samatar,10
Samba,13
Samed,5
Sameer,23
Sameh,14
Sameli,561
Samer,23
Samet,11
Sami,27748
Samiel,12
Samih,5
Samiir,11
Samil,9
Samim,6
Samipekka,8
Samir,305
Sammel,7
Sammeli,260
Sammi,5
Sammu,6
Sammy,143
Samo,13
Sampo,3441
Samppa,450
Sampsa,1157
Samsa,11
Samu,6004
Samuel,19719
Samuele,20
Samueli,57
Samuil,6
Samuli,23545
Samvel,8
Samy,41
San,20
Sanad,5
Sandeep,9
Sander,93
Sandor,36
Sandro,27
Sandy,8
Sanel,6
Sanfred,7
Sanfrid,140
Sang,21
Sangar,9
Sani,30
Sanjay,16
Sanjeev,5
Sankari,14
Sante,42
Santeri,16498
Santero,16
Santi,11
Santiago,79
Santino,29
Santo,5
Santos,18
Santosh,8
Santtu,2821
Saqib,5
Sarawut,5
Sarbast,5
Sardar,15
Sargon,5
Sarhang,6
Sari,5
Sarim,5
Sarkaut,7
Sarkis,5
Sarko,5
Sarmad,13
Sarno,9
Saro,10
Saroj,7
Sasa,31
Sasan,9
Sascha,16
Sasha,75
Sasja,5
Saska,198
Sasu,900
Satoshi,5
Sattar,13
Satya,5
Saul,221
Sauli,4520
Saulo,9
Saulus,11
Sauvo,8
Sava,5
Savas,12
Saveli,16
Saverio,7
Savva,21
Savvas,6
Saw,7
Say,7
Sayd,8
Sayed,84
Saïd,8
Scott,119
Sead,11
Seamus,13
Sean,168
Sebastian,14026
Sebastiano,14
Sebastien,65
Sebastián,19
Sebastião,7
Sebastjan,5
Sedat,12
Seelim,39
Seem,6
Seemi,87
Seet,16
Seeti,56
Sefa,5
Sefania,13
Sefanias,45
Sefanja,11
Sefer,9
Sehmus,5
Seid,7
Seif,23
Seikko,11
Sein,5
Sekou,5
Selahattin,9
Selim,285
Selman,5
Selmer,5
Selmi,11
Selçuk,7
Sem,35
Semen,22
Semi,102
Semih,16
Semir,21
Semmi,22
Sen,6
Senad,19
Senol,7
Sepastian,15
Sepe,8
Sepehr,6
Sepeteus,31
Sepi,8
Seppo,33325
Serafim,25
Sercan,5
Serdal,5
Serdar,17
Sere,10
Serge,27
Sergeevich,6
Sergei,501
Sergej,16
Sergen,5
Sergey,239
Sergii,6
Sergio,29
Sergiu,5
Sergiy,14
Serguei,65
Serhat,28
Seri,6
Serif,5
Serkan,31
Serko,11
Sero,9
Set,18
Seth,90
Setti,63
Seve,12
Seven,6
Severi,4297
Severin,154
Severus,91
Seweri,6
Seydou,6
Seyed,64
Seyyed,8
Sezgin,5
Seán,17
Shaafici,5
Shaan,5
Shaban,9
Shabo,6
Shadi,10
Shafici,7
Shafiq,8
Shafiqul,5
Shah,17
Shahab,7
Shaheen,7
Shahid,18
Shahin,33
Shaho,13
Shahram,11
Shahriar,6
Shahrokh,6
Shahryar,5
Shahzad,9
Shai,9
Shaip,5
Shakeel,6
Shaker,13
Shakib,5
Shakir,16
Shakur,6
Shakuur,5
Shalom,10
Shamal,6
Shamil,7
Shamim,5
Shams,6
Shamsudiin,5
Shamsul,6
Shan,10
Shane,22
Shankar,6
Shannon,9
Shanti,6
Sharif,68
Shariif,8
Sharma,8
Sharmaarke,5
Sharmake,10
Sharmarke,21
Shaul,5
Shaun,19
Shawn,33
Shay,10
Shayan,19
Sheba,8
Shefqet,7
Sheikh,62
Sheikhahmed,5
Shen,5
Sheng,10
Sher,5
Sherif,32
Sheriff,5
Sherzad,12
Shi,5
Shimon,7
Shing,6
Shire,17
Shirwa,10
Shiv,5
Shiva,5
Shlomo,10
Shmuel,7
Shorsh,9
Shouaib,5
Shpend,5
Shpetim,5
Shuaib,10
Shukri,7
Shun,5
Shurie,5
Shwan,20
Shyam,5
Si,8
Siad,12
Siamak,6
Siavash,9
Sid,18
Sidar,10
Sidi,10
Sidney,20
Siegfried,26
Sigel,7
Sigfrid,309
Sigge,36
Sigismund,15
Sigmar,7
Sigmund,7
Signar,11
Sigurd,415
Sigvald,91
Sigvard,248
Sihveri,46
Siilas,39
Siim,17
Siimeon,7
Siimon,56
Siimoni,10
Siinto,11
Siivert,5
Siivertti,10
Sikstus,12
Silas,54
Silmu,6
Silva,14
Silver,34
Silvester,6
Silvio,29
Silvo,155
Simana,8
Simen,7
Simeon,917
Simeoni,150
Simi,16
Simo,10727
Simon,1705
Simone,13
Simopekka,38
Simppa,8
Simuna,9
Sina,18
Sinan,50
Sinclair,8
Sindre,8
Sindri,5
Singh,201
Sinuhe,36
Sipan,13
Sipe,5
Sipho,6
Sipi,108
Sipo,10
Sippo,64
Sipri,31
Siri,5
Sirius,74
Siro,8
Sirwan,23
Sisay,5
Sisu,2455
Siu,8
Sivan,6
Sivert,21
Sixten,392
Sixtus,9
Siyaad,7
Siyabonga,8
Skender,9
Sky,13
Skye,5
Skyler,6
Slava,12
Slawomir,6
Slim,9
Smail,8
Smart,5
Smertsi,5
Soe,20
Sofia,5
Sofian,9
Sofiane,20
Sofus,5
Sohaib,9
Sohail,10
Sohan,5
Soheil,16
Sohrab,13
Soini,464
Sointu,46
Sokol,5
Sokrates,7
Sol,11
Sole,5
Soliman,10
Solmu,30
Solomon,59
Somchai,10
Son,41
Sondre,5
Soner,10
Song,6
Soni,22
Sonny,39
Sony,13
Soran,20
Soren,9
Sorin,7
Sorjo,16
Soroush,8
Sorri,7
Sotirios,6
Soufiane,7
Spencer,21
Spiridon,8
Spiros,8
Sri,5
Staffan,322
Stan,6
Stanislav,117
Stanislaw,24
Stanley,62
Star,10
Stavros,22
Steen,7
Stefan,3256
Stefano,60
Stefanos,42
Stefanus,76
Steffan,11
Steffen,15
Stein,5
Steinar,7
Stelios,6
Stellan,14
Sten,579
Stenka,8
Stepan,68
Stephan,129
Stephane,8
Stephen,160
Stergios,5
Stevan,6
Steve,96
Steven,176
Stewart,15
Stian,12
Stig,2158
Stilianos,5
Stiven,6
Storm,19
Stuart,59
Sture,359
Sturle,16
Styrbjörn,50
Stéphane,7
Su,6
Suad,6
Suat,9
Subhan,11
Subhi,9
Sudais,6
Sufi,7
Sugulle,5
Suhaib,14
Suhayb,8
Suheib,6
Suheil,5
Suheyb,12
Sulaiman,16
Sulayman,11
Suldan,5
Suleiman,68
Suleman,7
Sulevi,1534
Suleyman,28
Sulho,63
Suliman,9
Sulo,4829
Sultan,13
Suman,10
Sumit,7
Sumu,36
Sun,13
Sunday,14
Sune,416
Sunil,14
Sunny,16
Suonio,6
Suraj,10
Suresh,11
Surya,14
Susi,8
Sutherland,5
Suune,12
Svante,455
Svantte,20
Svein,9
Sven,2421
Sverker,35
Sverre,37
Svjatoslav,7
Svyatoslav,8
Swadi,5
Sydney,6
Syed,63
Syksy,12
Sylvain,16
Sylvester,541
Sylvesteri,62
Sysi,5
Syväri,26
Sámmol,8
Sándor,23
Sävel,7
Séamus,5
Séan,7
Sébastien,50
Sölve,5
Sören,306
Søren,8
Sükrü,5
Süleyman,21
Taave,25
Taavetti,1828
Taavi,1914
Taawetti,5
Taddeus,5
Tadeo,5
Tadesse,8
Tadeusz,24
Tafari,7
Tage,550
Taha,87
Tahar,10
Taher,38
Tahir,25
Tahko,6
Tahlil,6
Tahmid,6
Tahseen,5
Tahsin,7
Tahto,10
Tahvana,5
Tahvo,157
Tai,21
Taieb,8
Taimo,96
Taimoor,5
Taisto,6871
Taito,1253
Taiwo,5
Takashi,7
Takeshi,7
Taku,9
Tal,6
Talaat,7
Talal,11
Talha,14
Talib,17
Talvi,12
Tam,42
Tamer,20
Tami,126
Tamim,12
Tamino,5
Tamir,7
Tammi,10
Tamás,22
Tan,64
Tancred,19
Tane,19
Tanel,13
Taneli,6104
Taner,9
Tang,5
Tani,34
Tankred,11
Tanner,6
Tanu,30
Tanveer,8
Tanvir,8
Tao,27
Taoufik,15
Tapani,136637
Tapio,116170
Tapsa,11
Taras,13
Tare,9
Tarek,59
Tareq,18
Tari,8
Tarik,54
Tariq,40
Tarkan,15
Tarkko,28
Tarmo,4963
Taro,54
Tarq,6
Taru,26
Tarvo,99
Tate,12
Tatu,4639
Taulant,9
Tauno,7861
Tauri,21
Taw,5
Tawan,22
Tawfik,15
Tawfiq,7
Tay,5
Taye,5
Tayeb,6
Tayfun,11
Taylor,21
Tayyab,5
Tebogo,6
Ted,289
Teddie,6
Teddy,56
Tedi,9
Teemu,21759
Tefera,5
Teho,6
Teijo,2111
Teiko,8
Teim,7
Teimo,6
Teini,7
Teino,8
Teivas,5
Teivo,6
Teljo,18
Telmo,6
Temitope,7
Temmo,7
Tempo,16
Temur,5
Tenho,1742
Teno,12
Teo,934
Teodor,732
Teodoro,6
Teofiilus,13
Teofilus,43
Teoman,16
Teppana,13
Teppo,3266
Terence,26
Terho,2476
Teri,13
Terje,32
Terjo,48
Terno,265
Tero,15000
Terrence,5
Terri,8
Terry,33
Tervo,9
Tesfaye,13
Teudor,8
Teuri,8
Teutori,10
Teuvo,7680
Tewodros,11
Tex,12
Tha,7
Thabo,5
Thaer,6
Thaher,5
Thai,39
Thain,5
Thamer,7
Than,7
Thanakorn,6
Thanaphon,5
Thanawat,5
Thang,23
Thanh,186
Thao,5
Tharwat,6
The,43
Theo,630
Theodor,508
Theodore,96
Theodoros,19
Theodorus,8
Theoharis,5
Theon,5
Theudor,6
Thi,6
Thiago,20
Thien,62
Thierry,12
Thilo,8
Thim,10
Thinh,12
Tho,8
Thobias,12
Thom,7
Thomas,3796
Thommy,24
Thong,11
Thony,8
Thor,280
Thorbjörn,35
Thord,14
Thore,26
Thorild,5
Thorleif,12
Thorolf,51
Thorsten,18
Thorvald,121
Thorwald,5
Thu,6
Thuan,10
Thuong,10
Thure,85
Thuy,6
Théo,39
Théodore,7
Tiago,20
Tian,15
Tiberius,6
Tibor,11
Tico,45
Tien,62
Tiera,26
Tiger,25
Tihon,6
Tiikka,9
Tiit,7
Tiittus,5
Tiitus,1048
Tijan,11
Tijani,7
Tiko,24
Till,13
Tim,694
Timeo,5
Timi,1440
Timitri,42
Timjam,5
Timjami,44
Timka,19
Timm,5
Timmi,5
Timmie,6
Timmo,8
Timmy,87
Timo,49288
Timofei,62
Timofej,8
Timofey,21
Timon,13
Timopekka,8
Timotei,43
Timoteus,156
Timotheos,5
Timotheus,7
Timothy,184
Timppa,8
Timur,107
Timy,10
Tin,16
Ting,6
Tinh,5
Tini,11
Tino,2123
Tintti,6
Tio,11
Tito,108
Titus,195
Tiziano,5
Toan,16
Tobi,6
Tobia,15
Tobias,1934
Toby,24
Tochukwu,6
Todd,22
Todorov,6
Tofik,7
Toimi,561
Toive,19
Toivi,8
Toivio,8
Toivo,17357
Tolga,7
Tom,4277
Toma,52
Tomas,2927
Tomasz,39
Tome,5
Tomek,24
Tomer,15
Tomi,16107
Tomio,7
Tomislav,6
Tommaso,25
Tomme,9
Tommi,15051
Tommie,24
Tommo,19
Tommy,1907
Tomo,5
Tomppa,11
Tomy,50
Tomás,36
Ton,9
Tong,12
Toni,17588
Toniel,5
Tonny,15
Tony,2966
Toomas,127
Topi,5258
Topia,7
Topias,8086
Topo,5
Toprak,6
Tor,963
Toralf,11
Torbjörn,488
Tord,39
Tore,301
Torgny,16
Torkel,19
Torleif,32
Torolf,447
Torsten,974
Torsti,856
Torvald,444
Toto,11
Totte,91
Totti,327
Toufik,7
Touho,38
Touko,1667
Toussaint,24
Traian,5
Tran,23
Travis,25
Trent,5
Trevor,21
Trey,5
Tri,42
Trieu,7
Trifon,7
Tristan,258
Troi,7
Trong,38
Troy,64
Truls,6
Trung,48
Truong,27
Tryggve,58
Trygve,113
Tsegaye,7
Tshwarelo,5
Tu,18
Tuan,96
Tucker,5
Tudor,14
Tuhto,11
Tuisku,175
Tuli,11
Tuncay,5
Tung,34
Tunna,5
Tuomas,28157
Tuomma,6
Tuomo,12729
Tuong,14
Tuovi,47
Turan,6
Ture,220
Turgay,8
Turgut,8
Turja,6
Turjo,14
Turkey,5
Turkka,460
Turo,702
Tuuka,7
Tuukka,5646
Tuulo,8
Tuumas,5
Tuure,1445
Tuuri,10
Ty,10
Tycho,5
Tyko,181
Tyler,40
Tyr,7
Tyrell,5
Tyrsky,15
Tyyko,12
Tähti,6
Tähtivalo,5
Téo,7
Tõnis,5
Ubaid,5
Uche,6
Uchechukwu,6
Uchenna,17
Uddin,17
Udo,15
Uffe,6
Ufuk,5
Ugochukwu,12
Ugur,20
Ui,5
Uki,40
Ukko,2184
Ukkopekka,20
Ukri,44
Uku,11
Ul,8
Ulf,1330
Ulises,5
Uljas,1068
Ullah,10
Ulric,10
Ulrich,33
Ulrik,83
Umair,5
Umar,34
Umberto,32
Umed,5
Umer,7
Umut,29
Unai,6
Unho,9
Unne,6
Uno,285
Unski,6
Untamo,2602
Unto,4601
Uolevi,13072
Uoti,28
Upi,24
Urban,71
Urbanus,10
Urhan,6
Urhea,5
Urho,5056
Uri,9
Uriel,23
Urim,8
Urja,5
Urmas,390
Urmo,8
Urpo,2495
Urs,8
Usaama,5
Usama,17
Uskali,11
Usko,839
Usman,17
Usva,5
Uthman,8
Utria,18
Utti,6
Utu,21
Utujoutsi,5
Uula,251
Uule,10
Uuno,798
Uuras,77
Uuri,7
Uurto,7
Uwe,31
Uy,6
Vaalimo,11
Vaatu,7
Vadim,155
Vahid,11
Vaito,98
Valde,484
Valdemar,6989
Valdet,6
Valdo,15
Valentin,1608
Valentine,14
Valentino,164
Valeri,224
Valerian,80
Valerii,12
Valerij,5
Valerio,10
Valerius,30
Valeriy,14
Valery,32
Valfrid,743
Valio,352
Valle,163
Vallu,14
Valmari,18
Valmir,6
Valmis,5
Valo,774
Valon,25
Valpas,75
Valtari,23
Valte,83
Valter,1724
Valteri,22
Valto,1113
Valton,10
Valtter,682
Valtteri,30311
Valtti,176
Valtu,8
Valve,6
Van,359
Vanamo,18
Vanja,19
Vantte,8
Varma,56
Vasama,12
Vasil,5
Vasile,6
Vasileios,9
Vasilev,5
Vasili,93
Vasilii,6
Vasilij,22
Vasilios,14
Vasilis,10
Vasily,28
Vasko,9
Vassili,11
Vedat,19
Veeka,5
Veele,12
Veeli,14
Veeni,11
Veerne,6
Veerti,59
Veertti,5
Veerus,5
Veeti,8257
Veetu,103
Vegard,5
Veija,21
Veijari,7
Veijo,6912
Veikka,4543
Veikki,7
Veikko,34700
Veiko,9
Veini,348
Veino,25
Veka,45
Veksi,5
Veli,20461
Velimatti,71
Velimies,19
Velimir,8
Velipekka,57
Veljo,5
Vellamo,5
Vellu,22
Velmeri,57
Velmu,31
Velu,78
Venfrid,7
Venho,7
Veniamin,14
Venjami,6
Venjamin,8
Venkata,8
Venne,59
Venner,21
Venneri,84
Venni,797
Venno,6
Vennu,40
Vento,17
Verne,178
Verner,1714
Verneri,5697
Verni,9
Verno,5
Vernon,15
Verre,5
Vertti,1582
Vesa,18286
Vesamatti,18
Vesapekka,6
Vesku,8
Vesper,7
Vesse,6
Vesseli,12
Vester,5
Vesteri,48
Veton,8
Vexi,12
Veysel,5
Veysi,5
Vi,16
Viacheslav,42
Vianor,7
Viatcheslav,27
Vicente,34
Vicktor,14
Victor,1558
Victorio,7
Vidar,276
Vide,30
Vieno,146
Viesti,5
Viet,56
Viggo,228
Vigo,5
Vihtor,30
Vihtori,5328
Viikari,8
Viilus,7
Viima,51
Viimo,18
Vikash,5
Viki,56
Viking,914
Vikke,151
Vikki,13
Vikko,10
Vikram,5
Viktor,3576
Viktori,30
Viktorovich,5
Viku,5
Vilbert,35
Vilde,7
Vilgot,44
Vilhard,40
Vilhart,9
Vilhartti,6
Vilhelm,7393
Vilhelmi,1139
Vilhem,8
Vilho,10913
Vili,5194
Viliam,46
Vilias,7
Vilius,14
Viljam,2439
Viljami,17780
Viljar,9
Viljari,8
Viljo,7152
Vilkas,25
Vilke,7
Vilkka,7
Vilkko,11
Vilkku,11
Vilko,35
Ville,33242
Villehad,19
Villehard,219
Villehart,32
Villem,14
Villemarkus,14
Villematti,17
Villepekka,12
Villepetteri,5
Villeveikko,17
Villhard,8
Villiam,434
Villjam,9
Villy,10
Vilmar,6
Vilmari,7
Vilmer,94
Vilmeri,50
Vilmo,10
Vilmos,5
Vilpas,138
Vilperi,90
Vilpert,16
Vilpertti,83
Vilpo,9
Vilppo,10
Vilppu,452
Vilpuri,12
Vimme,5
Vin,5
Vince,11
Vincent,1090
Vincenzo,32
Vindician,7
Vinh,67
Vinha,21
Vinjami,9
Vinnie,8
Vinny,5
Vinsent,14
Vinsentti,11
Vinski,155
Vinston,7
Virgil,5
Virmo,19
Visa,1103
Visar,12
Vishal,6
Vitali,111
Vitalii,18
Vitalis,12
Vitaliy,17
Vitaly,36
Vito,45
Vittorio,20
Vivek,9
Vjatseslav,25
Vjatsheslav,5
Vlad,15
Vladimir,584
Vladimirovich,7
Vladislav,135
Vladyslav,11
Vo,6
Voima,43
Voitto,3684
Voldemar,54
Volkan,18
Volker,5
Volmar,114
Volmari,97
Volodymyr,14
Volter,119
Voltti,11
Von,6
Vorna,6
Vsevolod,12
Vu,53
Vuk,6
Vuolevi,6
Vuong,5
Vyacheslav,14
Väinä,8
Väinämö,1180
Väinämöinen,20
Väinö,15313
Väiski,24
Vänni,19
Väring,5
Wa,5
Wade,7
Wadi,6
Wael,19
Wagner,9
Wah,16
Wahab,15
Waheed,5
Wahid,13
Wai,29
Wail,6
Wais,5
Wajih,5
Walde,11
Waldemar,1245
Waldo,12
Waleed,22
Walentin,40
Walfrid,95
Wali,25
Walid,65
Walker,6
Wallace,10
Walle,37
Wallu,9
Walter,1158
Walther,56
Walto,10
Walton,19
Waltter,182
Waltteri,2408
Waltti,8
Wang,6
Waqar,5
Waqas,9
Warfa,5
Warren,28
Warsame,23
Waseem,7
Wasfi,5
Wasim,11
Wassim,10
Wayne,37
Weeti,126
Weetu,5
Wei,37
Weijo,7
Weikka,31
Weikko,37
Welat,5
Weli,14
Wellu,9
Welmeri,7
Wen,17
Wenni,15
Wentzel,6
Wenzel,12
Werner,588
Werneri,370
Wertti,33
Wesa,7
Wesley,27
Wibe,13
Wictor,42
Widar,15
Wieslaw,6
Wiggo,29
Wihtori,88
Wiking,40
Wiktor,75
Wilbert,42
Wilbur,6
Wilde,7
Wilfred,21
Wilfrid,7
Wilfried,6
Wilgot,12
Wilhard,17
Wilhart,5
Wilhelm,5186
Wilhelmi,128
Wilhelmus,7
Wilho,140
Wili,100
Wiliam,41
Wiljam,479
Wiljami,903
Wiljo,31
Wilko,6
Will,11
Wille,454
Willehad,8
Willehard,89
Willehart,10
Willem,121
Willhard,14
Willhelm,33
Willi,16
William,4449
Williams,14
Willie,10
Willjam,15
Willy,102
Wilmer,287
Wilmeri,6
Wilperi,7
Wilton,40
Wim,6
Wimme,8
Win,16
Wincent,33
Winfried,6
Wing,17
Winston,98
Wisa,6
Wisam,21
Wisdom,5
Wissam,7
Witold,6
Wladimir,12
Wladyslaw,12
Woitto,12
Wojciech,18
Woldemar,58
Wolf,27
Wolfgang,100
Wolmar,27
Wolmari,5
Wolter,25
Wyatt,13
Wäinämö,23
Wäinö,319
Xander,23
Xaver,6
Xavi,7
Xavier,79
Xayle,5
Xhavit,8
Xhevdet,9
Xiang,6
Xiao,9
Xing,5
Xuan,51
Yaasir,19
Yacine,20
Yacoub,7
Yacqub,8
Yacquub,11
Yadgar,6
Yahia,16
Yahya,94
Yahye,75
Yair,5
Yakov,6
Yakub,6
Yakup,16
Yama,6
Yamato,5
Yan,29
Yang,18
Yani,7
Yanis,5
Yann,30
Yannick,33
Yannis,5
Yaqoob,6
Yaqub,15
Yari,6
Yaro,6
Yaron,8
Yaroslav,18
Yasar,11
Yaseen,17
Yaser,19
Yashar,7
Yasiin,8
Yasin,153
Yasir,58
Yasser,31
Yassin,71
Yassine,28
Yassir,9
Yat,6
Yau,5
Yavuz,15
Yaw,27
Yaxye,12
Yazan,8
Yazid,7
Ye,5
Yehia,6
Yehonatan,5
Yehuda,9
Yeray,6
Yi,13
Yigit,15
Yilma,6
Yilmaz,17
Yin,9
Ying,9
Yiu,5
Yki,29
Ykä,19
Ylber,7
Ylermi,603
Yll,9
Ylli,10
Ymer,5
Yngvar,8
Yngve,554
Yoav,12
Yoda,11
Yoel,11
Yohan,7
Yohannes,16
Yona,5
Yonas,9
Yonatan,20
Yones,5
Yong,11
Yoni,7
Yonis,40
Yoonis,31
Yosef,27
Yoseph,5
Yoshi,5
You,6
Youcef,19
Younan,5
Younas,7
Younes,49
Youness,9
Younis,16
Younus,5
Yousef,58
Yousif,41
Yousri,6
Youssef,93
Yousuf,22
Yrjänä,771
Yrjö,8507
Yu,21
Yuan,14
Yuchen,5
Yuhan,6
Yuk,5
Yuki,8
Yukio,9
Yun,5
Yunes,9
Yunis,7
Yunus,47
Yuri,18
Yuriy,10
Yury,60
Yusef,13
Yusif,9
Yussuf,24
Yusuf,358
Yusupha,6
Yuuki,5
Yuusuf,29
Yuval,7
Yuvraj,5
Yves,26
Yücel,7
Yüksel,5
Zac,5
Zacarias,7
Zach,6
Zacharia,8
Zachariah,6
Zacharias,560
Zachary,82
Zachris,22
Zack,12
Zackarias,16
Zafar,8
Zafer,12
Zagros,8
Zahar,5
Zaher,12
Zahid,10
Zahir,14
Zahra,5
Zaid,22
Zain,16
Zakari,22
Zakaria,141
Zakarias,48
Zakarie,11
Zakariya,44
Zakariye,28
Zaker,6
Zakeus,5
Zakhar,7
Zaki,30
Zaman,11
Zan,5
Zana,22
Zander,10
Zane,10
Zarif,6
Zaur,5
Zaw,6
Zaya,12
Zayd,6
Zayn,6
Zbigniew,9
Zeb,14
Zebastian,12
Zeeshan,7
Zeid,8
Zein,10
Zeke,5
Zeki,14
Zeljko,8
Zen,6
Zeus,9
Zeyad,7
Zhang,6
Zhao,8
Zhe,5
Zheng,11
Zhi,6
Zhong,5
Zhou,5
Zia,8
Ziad,18
Zico,6
Zidan,5
Ziggy,8
Zimi,5
Zion,26
Zitunga,5
Ziya,10
Ziyad,14
Zlatan,5
Zlatko,5
Zola,6
Zoltan,16
Zoltán,28
Zoran,14
Zsolt,13
Zubair,13
Zubeyr,8
Zuhair,14
Zurab,5
Ádám,6
Áilu,10
Ákos,7
Álvaro,7
Ándaras,8
Ánde,9
Ánte,11
Áron,21
Árpád,7
Ásllat,6
Änäs,5
Ässä,6
Äänis,27
Åge,5
Åke,1665
Çetin,5
Émil,11
Émile,10
Öjvind,13
Ömer,60
Önder,7
Örjan,23
Örn,7
Örnulf,12
Östen,107
Öyvind,12
Özgür,10
Özkan,7
Ümit,18
Þór,5